-- Including Wayland support
-- Including X11 support
-- Could NOT find Doxygen (missing: DOXYGEN_EXECUTABLE) 
-- Documentation generation requires Doxygen 1.9.8 or later
-- GLM: Version 1.0.2
-- GLM: Disable -Wc++98-compat warnings
-- GLM: Build with C++ features auto detection
-- Using the multi-header code from /home/algiers/jubajam-core/deps/json/include/
-- Configuring done (0.1s)
-- Generating done (0.0s)
-- Build files have been written to: /home/algiers/jubajam-core/build-cmake
ninja: no work to do.
Successfully added: vert.glsl
Successfully added: frag.glsl
Successfully compiled program id 3
Parsing gltf: DamagedHelmet.glb
0
1
3
14556
174672
12
POSITION
14556
116448
8
TEXCOORD_0
Indices size46356
0 1 2 2 3 0 3 2 4 4 5 3 6 5 4 4 7 6 6 7 8 8 9 6 10 9 8 8 11 10 12 0 3 13 14 15 15 16 13 17 15 14 14 18 17 15 17 19 19 20 15 16 15 20 20 21 16 22 17 18 19 17 22 18 23 22 22 24 19 25 12 26 26 27 25 28 25 27 3 26 12 29 30 31 31 32 29 30 3 5 5 31 30 31 5 6 6 33 31 32 31 33 33 34 32 34 33 35 35 36 34 33 6 9 9 35 33 35 9 10 10 37 35 36 35 37 37 38 36 39 29 32 27 40 28 41 28 40 40 42 41 43 41 42 42 44 43 45 46 47 47 48 45 49 48 47 47 50 49 49 50 51 51 52 49 53 52 51 51 54 53 55 43 44 56 57 58 58 59 56 60 56 59 61 59 58 58 62 61 44 63 55 64 45 48 55 63 65 65 66 55 67 64 68 48 68 64 68 69 67 70 69 68 68 71 70 70 71 72 52 72 71 72 73 70 74 73 72 72 75 74 71 68 48 48 49 71 71 49 52 75 72 52 52 53 75 76 62 77 77 78 76 76 78 79 79 80 76 81 76 80 80 82 81 83 81 82 82 84 83 83 84 85 85 86 83 87 83 86 86 24 87 86 85 88 24 86 88 83 87 61 61 81 83 61 62 76 76 81 61 77 62 58 58 89 77 89 58 57 57 90 89 61 87 91 91 59 61 59 91 60 23 60 91 91 22 23 87 24 22 22 91 87 88 19 24 92 93 94 94 95 92 96 95 94 94 97 96 96 97 98 98 99 96 100 99 98 98 101 100 100 101 102 102 103 100 104 103 102 102 105 104 104 105 106 106 107 104 108 92 95 95 109 108 95 96 110 110 96 99 110 109 95 99 111 110 99 100 112 112 111 99 112 100 103 103 113 112 103 104 114 114 113 103 114 104 107 107 115 114 116 108 109 109 117 116 117 109 110 118 116 117 117 119 118 120 118 119 119 121 120 120 121 122 122 123 120 121 119 124 124 125 121 122 121 125 125 126 122 126 125 127 127 128 126 125 124 129 129 127 125 127 129 130 130 131 127 128 127 131 131 132 128 133 131 134 134 135 133 131 130 136 136 134 131 134 136 137 137 138 134 134 138 135 138 139 135 139 140 135 141 129 124 124 142 141 142 124 119 119 117 142 110 142 117 142 110 111 111 141 142 141 111 112 112 143 141 129 141 143 143 130 129 130 143 144 144 136 130 143 112 113 113 144 143 144 113 114 114 145 144 136 144 145 145 137 136 137 145 146 146 147 137 115 146 145 145 114 115 137 147 148 148 138 137 139 138 148 149 150 151 151 152 149 153 152 151 151 154 153 153 154 155 155 156 153 157 156 155 155 158 157 157 158 159 159 160 157 161 160 159 159 162 161 161 162 163 163 164 161 165 166 167 167 168 165 169 170 171 171 172 169 173 174 171 171 175 173 176 158 155 155 177 176 177 155 154 154 178 177 178 154 151 151 179 178 179 151 150 150 180 179 181 179 180 180 182 181 183 178 179 179 181 183 178 183 184 184 177 178 185 176 177 177 184 185 176 185 186 186 187 176 158 176 187 187 159 158 187 186 188 188 189 187 159 187 189 189 162 159 162 189 190 190 163 162 166 190 191 191 167 166 192 191 190 190 193 192 193 190 189 189 188 193 193 188 186 170 191 194 194 171 170 191 192 195 195 194 191 194 195 196 196 197 194 171 194 197 197 175 171 192 193 198 198 195 192 196 195 198 198 199 196 196 199 200 200 201 196 197 196 201 202 201 200 200 203 202 204 197 205 201 205 197 205 201 202 205 206 204 173 204 206 206 207 173 208 173 207 174 173 208 208 209 174 172 210 211 211 169 172 168 212 213 213 165 168 161 164 214 214 215 161 160 161 215 215 216 160 160 216 217 217 157 160 156 157 217 217 218 156 156 218 219 219 153 156 152 153 219 219 220 152 149 152 220 220 221 149 222 223 224 224 225 222 226 223 222 222 227 226 226 227 228 228 229 226 230 229 228 228 231 230 230 231 232 232 233 230 234 233 232 232 235 234 234 235 236 236 237 234 238 237 236 236 239 238 238 239 240 240 241 238 242 241 240 240 243 242 244 245 246 246 2 244 2 246 247 247 4 2 7 4 248 248 249 7 7 249 250 250 8 7 11 8 250 250 251 11 207 252 208 253 252 207 207 254 253 254 207 206 206 255 254 256 255 206 206 205 256 202 256 205 257 258 259 259 260 257 261 262 263 263 262 264 265 266 267 267 268 265 264 269 263 270 271 272 273 272 271 271 274 273 275 269 264 276 273 274 274 277 276 278 276 277 277 279 278 280 278 279 279 281 280 282 280 281 281 283 282 284 282 283 283 285 284 286 284 285 285 287 286 288 286 287 287 289 288 290 291 292 292 293 290 294 295 296 296 297 294 292 298 299 299 293 292 299 298 300 301 302 303 303 304 301 300 305 299 306 307 308 308 309 306 310 311 312 312 313 310 314 305 300 300 315 314 314 315 316 316 317 314 318 319 320 320 321 318 322 317 316 323 324 325 325 326 323 316 327 322 322 327 275 275 328 322 329 330 331 331 332 329 264 328 275 333 334 335 335 336 333 337 338 339 339 340 337 341 337 340 340 342 341 343 339 338 338 344 343 345 343 344 344 346 345 347 345 346 346 348 347 349 347 348 348 350 349 351 349 350 350 352 351 353 351 352 352 354 353 355 353 354 354 356 355 357 355 356 356 358 357 359 360 361 361 362 359 363 360 359 359 364 363 363 364 365 365 366 363 367 366 365 365 368 367 367 368 369 369 370 367 193 370 369 369 371 193 193 371 372 372 198 193 199 198 372 372 373 199 199 373 374 374 200 199 203 200 374 374 375 203 366 367 185 185 367 370 185 184 366 370 186 185 186 370 193 366 184 183 183 363 366 360 363 183 183 181 360 360 181 182 182 361 360 376 377 378 378 379 376 380 377 376 376 381 380 380 381 382 382 383 380 384 383 382 382 385 384 386 387 388 388 389 386 390 389 388 388 391 390 390 391 392 392 393 390 394 393 392 392 395 394 394 395 396 396 397 394 398 397 396 396 399 398 385 382 400 400 401 385 402 400 382 382 381 402 403 402 381 381 376 403 404 403 376 376 379 404 272 405 270 406 270 405 405 407 406 263 408 261 409 410 411 411 412 409 413 410 409 409 414 413 413 414 415 415 416 413 417 416 415 415 418 417 417 418 419 419 420 417 421 420 419 419 422 421 421 422 423 423 424 421 425 426 427 427 428 425 429 430 431 431 432 429 433 434 435 435 436 433 433 436 437 437 438 433 439 438 437 437 440 439 441 442 443 443 444 441 445 441 444 444 446 445 447 443 442 442 448 447 449 447 448 448 450 449 451 449 450 450 452 451 453 451 452 452 454 453 453 454 455 455 456 453 456 455 457 457 458 456 459 458 457 457 460 459 461 459 460 460 462 461 463 461 462 462 464 463 465 463 464 464 466 465 467 468 469 469 470 467 471 467 470 470 472 471 473 471 472 472 474 473 475 473 474 474 476 475 477 475 476 476 478 477 479 477 478 478 480 479 481 479 480 480 482 481 483 481 482 482 484 483 485 483 484 484 486 485 487 485 486 486 488 487 489 487 488 488 490 489 491 489 490 490 492 491 493 494 495 495 496 493 497 495 494 494 498 497 495 497 499 499 500 495 496 495 500 500 501 496 501 500 502 502 503 501 500 499 504 504 502 500 502 504 505 505 506 502 503 502 506 506 507 503 507 508 509 509 510 507 508 511 512 512 509 508 509 512 513 513 514 509 510 509 514 514 515 510 501 503 516 516 517 501 496 501 517 517 518 496 493 496 518 518 519 493 518 517 520 520 521 518 519 518 521 521 522 519 523 520 517 517 516 523 524 523 516 516 525 524 525 516 503 503 507 525 526 525 507 507 510 526 527 526 510 510 515 527 526 527 528 528 529 526 529 524 525 525 526 529 530 521 520 522 521 530 520 531 530 531 520 523 530 532 522 533 523 524 523 533 531 524 534 533 534 524 529 535 529 528 529 535 534 528 536 535 46 39 537 537 47 46 32 537 39 47 537 538 538 537 32 538 50 47 50 538 539 539 51 50 36 539 538 538 34 36 32 34 538 51 539 540 540 539 36 540 54 51 36 38 540 498 123 122 122 497 498 497 122 126 126 499 497 499 126 128 128 504 499 504 128 132 132 505 504 511 133 135 135 512 511 512 135 140 140 513 512 541 542 543 543 544 541 545 544 543 543 546 545 547 542 541 541 548 547 547 548 549 549 550 547 545 546 551 551 552 545 550 549 553 553 554 550 555 554 553 553 556 555 557 555 556 556 558 557 559 557 558 558 560 559 561 559 560 552 551 561 560 562 561 563 556 553 553 564 563 564 553 549 565 563 564 564 566 565 567 565 566 566 568 567 569 566 564 568 566 569 569 564 570 564 571 570 569 572 568 549 571 564 561 562 573 573 574 561 561 574 552 575 576 577 577 578 575 579 578 577 577 580 579 579 580 581 581 582 579 583 582 581 581 584 583 585 583 584 584 586 585 577 576 587 588 589 590 590 591 588 589 588 592 592 593 589 594 592 588 588 595 594 595 588 591 591 596 595 593 592 597 597 592 594 597 598 593 594 599 597 600 587 601 601 602 600 602 601 603 587 600 577 604 605 606 606 607 604 605 604 580 580 577 605 581 580 604 604 608 581 608 604 607 607 609 608 610 608 609 609 611 610 608 610 584 584 581 608 586 584 610 610 612 586 612 610 611 611 613 612 607 606 614 603 615 602 615 603 616 616 617 615 617 616 618 618 619 617 620 621 622 622 623 620 620 623 624 624 625 620 626 625 624 624 627 626 628 626 627 627 629 628 619 618 630 631 632 633 633 634 631 634 633 635 631 634 636 636 637 631 630 638 619 623 622 639 640 638 630 630 641 640 642 639 643 639 642 623 643 644 642 642 644 645 645 646 642 647 646 645 646 647 627 629 627 647 645 648 647 649 647 648 647 649 629 648 650 649 623 642 646 646 624 623 627 624 646 651 637 636 652 637 651 651 653 652 654 653 651 651 655 654 655 651 656 636 656 651 657 656 636 658 656 657 656 658 655 657 659 658 660 659 657 657 661 660 661 657 662 636 662 657 662 599 661 661 663 660 663 661 599 631 637 652 652 664 631 632 631 664 664 665 632 597 599 662 662 666 597 666 662 636 636 634 666 635 666 634 598 597 666 666 635 598 599 594 663 667 668 669 669 670 667 667 670 671 671 672 667 673 672 671 671 674 673 673 674 675 675 676 673 677 676 675 675 678 677 677 678 679 679 680 677 681 680 679 679 682 681 670 669 683 683 684 670 685 671 670 670 684 685 674 671 685 685 686 674 687 675 674 674 686 687 678 675 687 687 688 678 689 679 678 678 688 689 682 679 689 689 690 682 684 683 691 691 692 684 685 684 692 692 691 693 693 694 692 694 693 695 695 696 694 696 695 697 697 698 696 699 694 696 696 700 699 700 696 698 698 701 700 702 700 701 701 703 702 700 702 704 704 699 700 705 704 702 702 706 705 706 702 703 703 707 706 708 706 709 709 710 708 706 708 711 711 705 706 712 711 708 708 713 712 710 713 708 710 714 713 710 715 714 699 704 716 717 716 704 704 705 717 716 717 687 687 686 716 718 716 686 716 718 699 694 699 718 718 692 694 692 718 685 686 685 718 688 687 717 717 719 688 705 711 719 719 717 705 689 688 719 719 720 689 720 719 711 711 712 720 721 720 712 712 722 721 720 721 690 690 689 720 723 722 712 712 713 723 723 713 714 724 725 726 726 727 724 724 727 728 728 729 724 730 729 728 728 731 730 730 731 732 732 733 730 734 733 732 732 735 734 734 735 736 736 737 734 738 737 736 736 739 738 740 741 742 742 743 740 744 745 746 746 747 744 744 748 749 749 750 744 730 733 751 733 734 752 752 751 733 751 752 753 753 754 751 755 751 754 754 756 755 757 755 756 755 757 729 724 729 757 757 758 724 725 724 758 758 759 725 759 758 760 760 761 759 762 760 758 758 757 762 756 762 757 729 730 755 751 755 730 763 753 752 752 764 763 765 763 764 764 766 765 767 765 766 766 768 767 768 766 741 741 740 768 769 768 745 745 744 769 768 769 770 770 767 768 771 770 769 769 772 771 772 769 744 744 750 772 737 738 766 766 764 737 734 737 764 764 752 734 773 765 767 767 770 773 773 770 771 771 774 773 775 774 771 771 776 775 776 771 772 777 775 776 776 778 777 779 772 780 772 779 776 778 776 779 780 781 779 781 780 749 749 782 781 782 749 783 783 749 748 748 784 783 785 786 747 747 746 785 787 788 743 743 742 787 789 739 736 736 790 789 790 736 735 735 791 790 792 791 735 735 732 792 792 732 731 731 793 792 794 793 731 731 728 794 794 728 727 727 795 794 796 795 727 727 726 796 797 798 799 799 800 797 797 800 801 801 802 797 803 802 801 801 804 803 803 804 805 805 806 803 807 806 805 805 808 807 807 808 809 809 810 807 811 810 809 809 812 811 811 812 813 813 814 811 815 814 813 813 816 815 815 816 817 817 818 815 575 578 819 819 820 575 821 819 578 578 579 821 822 579 582 582 823 822 824 823 582 582 583 824 825 824 583 583 585 825 783 826 782 827 782 826 826 828 827 782 827 829 829 781 782 781 829 830 830 779 781 779 830 778 831 832 833 833 834 831 835 836 837 837 838 835 839 840 841 840 839 842 842 843 840 843 842 844 844 845 843 845 844 846 846 847 845 847 846 848 848 849 847 849 848 850 850 851 849 851 850 852 852 853 851 853 852 854 854 855 853 855 854 856 856 857 855 857 856 858 858 859 857 860 861 862 862 863 860 864 865 866 866 867 864 868 869 860 860 863 868 870 869 868 871 872 873 873 874 871 868 875 870 876 877 878 878 879 876 880 881 882 882 883 880 870 875 884 884 885 870 886 885 884 884 887 886 888 889 890 890 891 888 886 887 892 893 894 895 895 896 893 892 897 886 898 897 892 892 899 898 900 901 902 902 903 900 898 899 904 905 906 907 907 908 905 904 909 898 838 909 904 904 835 838 910 911 912 912 913 910 914 915 916 916 917 914 915 914 918 918 919 915 917 916 920 920 921 917 921 920 922 922 923 921 923 922 924 924 925 923 925 924 926 926 927 925 927 926 928 928 929 927 929 928 930 930 931 929 931 930 932 932 933 931 933 932 934 934 935 933 936 937 938 938 939 936 936 939 940 940 941 936 942 941 940 940 943 942 942 943 944 944 945 942 946 945 944 944 947 946 946 947 765 765 948 946 949 948 765 765 773 949 949 773 774 774 950 949 951 950 774 774 775 951 951 775 777 777 952 951 754 944 943 947 944 754 943 756 754 754 753 947 765 947 753 753 763 765 762 756 943 943 940 762 762 940 939 939 760 762 761 760 939 939 938 761 953 954 955 955 956 953 953 956 957 957 958 953 959 958 957 957 960 959 959 960 961 961 962 959 963 964 965 965 966 963 963 966 967 967 968 963 969 968 967 967 970 969 969 970 971 971 972 969 973 972 971 971 974 973 973 974 975 975 976 973 977 959 962 962 978 977 959 977 979 979 958 959 958 979 980 980 953 958 953 980 981 981 954 953 841 982 839 983 984 985 985 986 983 983 986 987 987 988 983 989 988 987 987 990 989 989 990 991 991 992 989 993 992 991 991 994 993 993 994 995 995 996 993 997 996 995 995 998 997 999 1000 1001 1001 1002 999 1003 1004 1005 1005 1006 1003 1007 1008 1009 1009 1010 1007 1011 1010 1009 1009 1012 1011 1011 1012 1013 1013 1014 1011 1015 1016 1017 1017 1018 1015 1016 1015 1019 1019 1020 1016 1018 1017 1021 1021 1022 1018 1022 1021 1023 1023 1024 1022 1024 1023 1025 1025 1026 1024 1026 1025 1027 1027 1028 1026 1029 1028 1027 1027 1030 1029 1031 1029 1030 1030 1032 1031 1031 1032 1033 1033 1034 1031 1034 1033 1035 1035 1036 1034 1036 1035 1037 1037 1038 1036 1038 1037 1039 1039 1040 1038 1041 1042 1043 1043 1044 1041 1042 1041 1045 1045 1046 1042 1046 1045 1047 1047 1048 1046 1048 1047 1049 1049 1050 1048 1050 1049 1051 1051 1052 1050 1052 1051 1053 1053 1054 1052 1054 1053 1055 1055 1056 1054 1056 1055 1057 1057 1058 1056 1058 1057 1059 1059 1060 1058 1060 1059 1061 1061 1062 1060 1062 1061 1063 1063 1064 1062 1064 1063 1065 1065 1066 1064 1067 1068 1069 1069 1070 1067 1070 1069 1071 1071 1072 1070 1073 1071 1069 1069 1074 1073 1074 1069 1068 1068 1075 1074 1076 1074 1075 1075 1077 1076 1074 1076 1078 1078 1073 1074 1079 1078 1076 1076 1080 1079 1080 1076 1077 1077 1081 1080 1082 1083 1081 1081 1084 1082 1083 1082 1085 1085 1086 1083 1087 1085 1082 1082 1088 1087 1088 1082 1084 1084 1089 1088 1090 1077 1075 1075 1091 1090 1091 1075 1068 1068 1092 1091 1092 1068 1067 1067 1093 1092 1094 1091 1092 1092 1095 1094 1095 1092 1093 1093 1096 1095 1097 1090 1091 1091 1094 1097 1090 1097 1098 1098 1099 1090 1077 1090 1099 1099 1081 1077 1081 1099 1100 1100 1084 1081 1084 1100 1101 1101 1089 1084 1102 1101 1100 1100 1103 1102 1103 1100 1099 1099 1098 1103 1094 1095 1104 1104 1105 1094 1097 1094 1105 1095 1096 1106 1106 1104 1095 1098 1097 1107 1105 1107 1097 1107 1108 1098 1103 1098 1108 1102 1103 1109 1108 1109 1103 1109 1110 1102 621 620 1111 1111 614 621 614 1111 607 1112 1111 620 607 1111 1112 620 625 1112 1113 1112 625 625 626 1113 1112 1113 611 611 609 1112 1112 609 607 1114 1113 626 626 628 1114 1113 1114 613 613 611 1113 1072 1071 698 698 697 1072 701 698 1071 1071 1073 701 703 701 1073 1073 1078 703 707 703 1078 1078 1079 707 710 709 1086 1086 1085 710 715 710 1085 1085 1087 715 1115 1116 1117 1117 1118 1115 1117 1116 1119 1119 1120 1117 1115 1118 1121 1121 1122 1115 1123 1122 1121 1121 1124 1123 1125 1120 1119 1119 1126 1125 1127 1123 1124 1124 1128 1127 1127 1128 1129 1129 1130 1127 1130 1129 1131 1131 1132 1130 1132 1131 1133 1133 1134 1132 1134 1133 1135 1135 1125 1126 1135 1136 1134 1127 1130 1137 1137 1138 1127 1123 1127 1138 1138 1137 1139 1139 1140 1138 1140 1139 1141 1141 1142 1140 1143 1138 1140 1143 1140 1142 1143 1144 1138 1144 1145 1138 1142 1146 1143 1138 1145 1123 1147 1136 1135 1135 1148 1147 1126 1148 1135 1149 1150 1151 1151 1152 1149 1151 1150 1153 1153 1154 1151 1155 1151 1154 1151 1155 1156 1156 1157 1151 1156 1155 1158 1158 1155 1159 1159 1150 1160 1160 1161 1159 1159 1162 1158 1163 1164 1165 1166 1162 1159 1159 1161 1166 1159 1155 1167 1154 1167 1155 1167 1168 1159 1168 1153 1150 1150 1159 1168 1169 1158 1162 1162 1170 1169 1171 1172 1173 1173 1174 1171 1175 1176 1177 1177 1178 1175 1179 1180 1181 1181 1182 1179 1183 1184 1185 1185 1186 1183 1187 1188 1189 1189 1190 1187 1191 1192 1193 1193 1194 1191 1195 1194 1193 1193 1196 1195 1196 1193 1197 1198 1197 1193 1193 1199 1198 1200 1197 1198 1201 1197 1200 1202 1194 1201 1201 1203 1202 1200 1204 1201 1205 1206 1207 1208 1203 1201 1201 1204 1208 1209 1197 1201 1197 1209 1196 1201 1210 1209 1210 1201 1194 1194 1195 1210 1204 1200 1211 1211 1212 1204 1213 1214 1215 1215 1216 1213 1217 1218 1219 1219 1220 1217 1221 1222 1223 1223 1224 1221 1225 1226 1227 1227 1228 1225 1229 1230 1231 1231 1232 1229 1233 1234 1235 1235 1236 1233 1237 1233 1236 1236 1238 1237 1239 1237 1238 1238 1240 1239 1241 1239 1240 1240 1242 1241 1243 1241 1242 1242 1244 1243 1245 1243 1244 1244 1246 1245 1247 1245 1246 1246 1248 1247 1249 1235 1234 1234 1250 1249 1251 1249 1250 1250 1252 1251 1253 1251 1252 1252 1254 1253 1255 1253 1254 1254 1256 1255 1257 1255 1256 1256 1258 1257 1259 1257 1258 1258 1260 1259 1261 1259 1260 1260 1262 1261 1263 1261 1262 1262 1264 1263 1265 1263 1264 1264 1266 1265 1267 1265 1266 1266 1268 1267 1269 1267 1268 1268 1270 1269 1271 1269 1270 1270 1272 1271 1273 1274 1275 1275 1276 1273 1274 1277 1278 1278 1275 1274 1277 1279 1280 1280 1278 1277 1279 1281 1282 1282 1280 1279 1281 1283 1284 1284 1282 1281 1285 1284 1283 1283 1286 1285 1287 1285 1286 1286 1288 1287 1289 1287 1288 1288 1290 1289 1291 1289 1290 1290 1292 1291 1293 1291 1292 1292 1294 1293 1295 1293 1294 1294 1296 1295 1297 1295 1296 1296 1298 1297 1299 1297 1298 1298 1300 1299 1301 1299 1300 1300 1302 1301 1303 1301 1302 1302 1304 1303 1305 1303 1304 1304 1306 1305 1307 1305 1306 1306 1308 1307 1309 1307 1308 1308 1310 1309 1311 1309 1310 1310 1312 1311 1313 1314 1315 1315 1316 1313 1317 1313 1316 1316 1318 1317 1313 1317 1319 1319 1320 1313 1314 1313 1320 1320 1321 1314 1322 1317 1318 1318 1323 1322 1317 1322 1324 1317 1324 1319 1322 1325 1324 1322 1323 1326 1323 1327 1326 1322 1326 1328 1329 1315 1314 1314 1330 1329 1330 1314 1321 1331 1329 1330 1330 1332 1331 1333 1331 1332 1332 1334 1333 1335 1333 1334 1334 1336 1335 1337 1335 1336 1336 1338 1337 1339 1337 1338 1339 1340 1337 1339 1341 1340 1342 1340 1341 1341 1343 1342 1344 1342 1343 1343 1345 1344 1346 1344 1345 1345 1347 1346 1348 1346 1347 1347 1349 1348 1350 1348 1349 1349 1351 1350 1352 1350 1351 1352 1353 1350 1352 1354 1353 1353 1355 1350 1351 1349 1356 1356 1357 1351 1352 1351 1357 1357 1358 1352 1349 1347 1359 1359 1356 1349 1347 1345 1360 1360 1359 1347 1361 1360 1345 1345 1343 1361 1358 1357 1362 1362 1363 1358 1357 1356 1364 1364 1362 1357 1362 1364 1365 1365 1366 1362 1363 1362 1366 1366 1367 1363 1356 1359 1368 1368 1364 1356 1364 1368 1369 1369 1365 1364 1359 1360 1370 1370 1368 1359 1368 1370 1371 1371 1369 1368 1360 1361 1372 1372 1370 1360 1370 1372 1373 1373 1371 1370 1374 1361 1343 1343 1341 1374 1375 1374 1341 1341 1339 1375 1376 1375 1339 1339 1377 1376 1378 1373 1372 1372 1379 1378 1380 1379 1372 1380 1372 1361 1361 1381 1380 1361 1374 1381 1381 1374 1375 1382 1377 1339 1339 1338 1382 1383 1382 1338 1338 1336 1383 1384 1383 1336 1336 1334 1384 1385 1384 1334 1334 1332 1385 1386 1385 1332 1332 1330 1386 1321 1386 1330 1383 1384 1387 1387 1388 1383 1388 1387 1389 1389 1390 1388 1384 1385 1391 1391 1387 1384 1387 1391 1392 1392 1389 1387 1385 1386 1393 1393 1391 1385 1391 1393 1394 1394 1392 1391 1386 1321 1395 1395 1393 1386 1396 1395 1321 1321 1320 1396 1397 1396 1320 1320 1319 1397 1396 1397 1398 1398 1399 1396 1395 1396 1399 1399 1400 1395 1393 1395 1400 1400 1394 1393 1401 1397 1319 1319 1324 1401 1402 1398 1397 1397 1401 1402 1390 1403 1404 1404 1388 1390 1388 1404 1405 1388 1405 1406 1406 1383 1388 1382 1383 1406 1406 1405 1407 1377 1382 1406 1408 1377 1406 1406 1407 1408 1376 1377 1408 1375 1376 1409 1381 1375 1409 1409 1410 1381 1380 1381 1410 1411 1412 1413 1413 1414 1411 1415 1411 1414 1414 1416 1415 1417 1415 1416 1416 1418 1417 1419 1413 1412 1412 1420 1419 1421 1419 1420 1420 1422 1421 1423 1421 1422 1422 1424 1423 1425 1423 1424 1424 1426 1425 1427 1425 1426 1426 1428 1427 1429 1427 1428 1428 1430 1429 1431 1429 1430 1430 1432 1431 1433 1431 1432 1432 1434 1433 1435 1433 1434 1434 1436 1435 1437 1435 1436 1436 1438 1437 1439 1437 1438 1438 1440 1439 1441 1439 1440 1442 1441 1440 1442 1440 1443 1444 1442 1443 1443 1445 1444 1446 1447 1448 1448 1449 1446 1450 1448 1447 1447 1451 1450 1452 1450 1451 1451 1453 1452 1454 1452 1453 1453 1455 1454 1456 1454 1455 1455 1457 1456 1458 1456 1457 1457 1459 1458 1460 1458 1459 1459 1461 1460 1462 1460 1461 1461 1463 1462 1464 1462 1463 1463 1465 1464 1466 1464 1465 1465 1467 1466 1468 1466 1467 1467 1469 1468 1470 1468 1469 1469 1471 1470 1472 1470 1471 1471 1473 1472 1474 1472 1473 1473 1475 1474 1475 1473 1476 1476 1477 1475 1473 1471 1478 1478 1476 1473 1471 1469 1479 1479 1478 1471 1469 1467 1480 1480 1479 1469 1467 1465 1481 1481 1480 1467 1482 1481 1465 1465 1463 1482 1483 1482 1463 1463 1461 1483 1484 1483 1461 1461 1459 1484 1485 1484 1459 1459 1457 1485 1486 1485 1457 1457 1455 1486 1487 1486 1455 1455 1453 1487 1488 1487 1453 1453 1451 1488 1488 1451 1447 1447 1489 1488 1326 1327 1490 1490 1491 1326 1491 1490 1492 1492 1493 1491 1493 1492 1494 1494 1495 1493 1496 1497 1498 1498 1499 1496 1500 1501 1502 1502 1503 1500 1504 1505 1506 1506 1507 1504 1508 1509 1510 1510 1511 1508 1512 1513 1514 1514 1515 1512 1516 1517 1518 1518 1519 1516 1520 1521 1522 1522 1523 1520 1524 1525 1526 1526 1527 1524 1528 1529 1530 1530 1531 1528 1532 1533 1534 1534 1535 1532 1536 1537 1538 1538 1539 1536 1540 1541 1542 1542 1543 1540 1544 1545 1546 1546 1547 1544 1548 1549 1550 1550 1551 1548 1552 1553 1554 1554 1555 1552 1556 1557 1558 1558 1559 1556 1560 1561 1562 1562 1563 1560 1564 1565 1566 1566 1567 1564 1568 1569 1570 1570 1571 1568 1572 1573 1574 1575 1572 1574 1572 1575 1576 1577 1572 1576 1572 1577 1578 1579 1572 1578 1572 1579 1580 1572 1580 1581 1580 1582 1581 1572 1581 1583 1584 1572 1583 1572 1584 1585 1586 1572 1585 1572 1586 1587 1588 1572 1587 1572 1588 1589 1590 1572 1589 1572 1590 1591 1573 1572 1591 1449 1448 1592 1592 1593 1449 1449 1593 1594 1594 1595 1449 1595 1594 1596 1597 1592 1448 1448 1450 1597 1598 1597 1450 1450 1452 1598 1599 1598 1452 1452 1454 1599 1600 1599 1454 1454 1456 1600 1601 1600 1456 1456 1458 1601 1602 1601 1458 1458 1460 1602 1603 1602 1460 1460 1462 1603 1604 1603 1462 1462 1464 1604 1605 1604 1464 1464 1466 1605 1606 1605 1466 1466 1468 1606 1607 1606 1468 1468 1470 1607 1608 1607 1470 1470 1472 1608 1609 1608 1472 1472 1474 1609 1610 1611 1612 1612 1613 1610 1614 1613 1612 1612 1615 1614 1614 1615 1616 1616 1617 1614 1617 1616 1618 1618 1619 1617 1619 1618 1620 1620 1621 1619 1621 1620 1622 1622 1623 1621 1611 1610 1624 1624 1625 1611 1623 1622 1626 1626 1627 1623 1628 1629 1630 1630 1631 1628 1631 1630 1632 1632 1633 1631 1633 1632 1634 1634 1635 1633 1635 1634 1636 1636 1637 1635 1638 1637 1636 1636 1639 1638 1629 1628 1640 1640 1641 1629 1642 1643 1644 1644 1645 1642 1646 1645 1644 1644 1647 1646 1648 1646 1647 1648 1647 1649 1648 1649 1650 1648 1650 1651 1652 1643 1642 1642 1653 1652 1654 1652 1653 1653 1655 1654 1656 1654 1655 1655 1657 1656 1658 1656 1657 1657 1659 1658 1658 1659 1660 1660 1661 1658 1661 1660 1662 1662 1663 1661 1664 1663 1662 1662 1665 1664 1666 1664 1665 1665 1667 1666 1668 1666 1667 1667 1669 1668 1670 1668 1669 1669 1671 1670 1672 1670 1671 1671 1673 1672 1674 1672 1673 1673 1675 1674 1674 1675 1676 1676 1677 1674 1678 1679 1680 1678 1680 1681 1678 1681 1682 1683 1684 1685 1685 1686 1683 1687 1688 1689 1689 1690 1687 1691 1687 1690 1690 1692 1691 1693 1691 1692 1692 1694 1693 1695 1696 1697 1697 1698 1695 1699 1700 1701 1701 1702 1699 1703 1699 1702 1702 1704 1703 1705 1703 1704 1704 1706 1705 1427 1429 1707 1707 1708 1427 1708 1707 1709 1707 1710 1709 1707 1711 1710 1708 1709 1712 1709 1713 1712 1709 1714 1713 1715 1716 1717 1717 1718 1715 1718 1717 1719 1719 1720 1718 1720 1719 1721 1721 1722 1720 1722 1721 1723 1723 1724 1722 1724 1723 1725 1725 1726 1724 1726 1725 1727 1727 1728 1726 1728 1727 1729 1729 1730 1728 1716 1715 1731 1731 1732 1716 1732 1731 1733 1733 1734 1732 1734 1733 1735 1735 1736 1734 1736 1735 1737 1737 1738 1736 1738 1737 1739 1739 1740 1738 1740 1739 1741 1741 1742 1740 1742 1741 1743 1743 1744 1742 1744 1743 1745 1745 1746 1744 1746 1745 1747 1747 1748 1746 1748 1747 1749 1749 1750 1748 1750 1749 1751 1751 1752 1750 1752 1751 1753 1753 1754 1752 1755 1756 1757 1757 1758 1755 1756 1755 1759 1759 1760 1756 1760 1759 1761 1761 1762 1760 1762 1761 1763 1763 1764 1762 1764 1763 1765 1765 1766 1764 1766 1765 1767 1767 1768 1766 1768 1767 1769 1769 1770 1768 1770 1769 1771 1771 1772 1770 1772 1771 1773 1773 1774 1772 1774 1773 1775 1775 1776 1774 1776 1775 1777 1777 1778 1776 1778 1777 1779 1779 1780 1778 1780 1779 1781 1781 1782 1780 1782 1781 1783 1783 1784 1782 1784 1783 1785 1785 1786 1784 1786 1785 1787 1787 1788 1786 1788 1787 1789 1789 1790 1788 1790 1789 1791 1791 1792 1790 1792 1791 1793 1793 1794 1792 1795 1796 1797 1797 1798 1795 1796 1795 1799 1799 1800 1796 1801 1799 1795 1795 1802 1801 1802 1795 1798 1798 1803 1802 1800 1799 1804 1804 1805 1800 1799 1801 1806 1799 1806 1804 1806 1807 1804 1808 1805 1804 1808 1809 1805 1809 1810 1805 1798 1797 1811 1811 1812 1798 1803 1798 1812 1812 1811 1813 1813 1814 1812 1814 1813 1815 1815 1816 1814 1816 1815 1817 1817 1818 1816 1818 1817 1819 1819 1820 1818 1821 1820 1819 1821 1819 1822 1821 1822 1823 1823 1822 1824 1824 1825 1823 1825 1824 1826 1826 1827 1825 1827 1826 1828 1828 1829 1827 1829 1828 1830 1830 1831 1829 1831 1830 1832 1832 1833 1831 1834 1833 1832 1834 1832 1835 1832 1836 1835 1834 1835 1837 1838 1831 1833 1833 1839 1838 1839 1833 1834 1834 1840 1839 1831 1838 1841 1841 1829 1831 1829 1841 1842 1842 1827 1829 1827 1842 1843 1844 1839 1840 1840 1845 1844 1846 1838 1839 1839 1844 1846 1847 1846 1844 1844 1848 1847 1848 1844 1845 1845 1849 1848 1850 1841 1838 1838 1846 1850 1846 1847 1851 1851 1850 1846 1852 1842 1841 1841 1850 1852 1850 1851 1853 1853 1852 1850 1854 1843 1842 1842 1852 1854 1852 1853 1855 1855 1854 1852 1854 1855 1856 1856 1857 1854 1858 1854 1857 1843 1854 1858 1858 1859 1843 1858 1860 1859 1859 1860 1861 1861 1862 1859 1862 1861 1863 1821 1862 1863 1863 1864 1821 1862 1821 1823 1823 1865 1862 1859 1862 1865 1865 1823 1825 1825 1843 1865 1843 1859 1865 1843 1825 1827 1821 1864 1866 1866 1820 1821 1820 1866 1867 1867 1818 1820 1818 1867 1868 1868 1816 1818 1816 1868 1869 1869 1814 1816 1814 1869 1870 1870 1812 1814 1812 1870 1803 1871 1868 1867 1867 1872 1871 1873 1871 1872 1872 1874 1873 1875 1869 1868 1868 1871 1875 1871 1873 1876 1876 1875 1871 1877 1870 1869 1869 1875 1877 1875 1876 1878 1878 1877 1875 1879 1803 1870 1870 1877 1879 1803 1879 1880 1880 1802 1803 1802 1880 1881 1881 1801 1802 1882 1881 1880 1880 1883 1882 1883 1880 1879 1879 1884 1883 1877 1878 1884 1884 1879 1877 1801 1881 1885 1885 1806 1801 1886 1885 1881 1881 1882 1886 1874 1872 1887 1872 1888 1887 1889 1888 1872 1872 1867 1889 1866 1889 1867 1889 1890 1888 1864 1889 1866 1891 1890 1889 1889 1864 1891 1863 1891 1864 1887 1892 1874 1893 1894 1895 1895 1896 1893 1896 1895 1897 1897 1898 1896 1898 1897 1899 1899 1900 1898 1894 1893 1901 1901 1902 1894 1902 1901 1903 1903 1904 1902 1904 1903 1905 1905 1906 1904 1906 1905 1907 1907 1908 1906 1908 1907 1909 1909 1910 1908 1910 1909 1911 1911 1912 1910 1912 1911 1913 1913 1914 1912 1914 1913 1915 1915 1916 1914 1916 1915 1917 1917 1918 1916 1918 1917 1919 1919 1920 1918 1920 1919 1921 1921 1922 1920 1922 1921 1923 1924 1922 1923 1924 1925 1922 1925 1924 1926 1926 1927 1925 1928 1929 1930 1930 1931 1928 1931 1930 1932 1932 1933 1931 1933 1932 1934 1934 1935 1933 1935 1934 1936 1936 1937 1935 1937 1936 1938 1938 1939 1937 1939 1938 1940 1940 1941 1939 1941 1940 1942 1942 1943 1941 1943 1942 1944 1944 1945 1943 1945 1944 1946 1946 1947 1945 1947 1946 1948 1948 1949 1947 1949 1948 1950 1950 1951 1949 1951 1950 1952 1952 1953 1951 1953 1952 1954 1954 1955 1953 1955 1954 1956 1956 1957 1955 1958 1955 1957 1957 1959 1958 1955 1958 1960 1960 1953 1955 1953 1960 1961 1961 1951 1953 1951 1961 1962 1962 1949 1951 1949 1962 1963 1963 1947 1949 1947 1963 1964 1964 1945 1947 1945 1964 1965 1965 1943 1945 1943 1965 1966 1966 1941 1943 1941 1966 1967 1967 1939 1941 1939 1967 1968 1968 1937 1939 1937 1968 1969 1969 1935 1937 1935 1969 1970 1970 1933 1935 1933 1970 1971 1971 1931 1933 1810 1809 1972 1972 1973 1810 1973 1972 1974 1974 1975 1973 1975 1974 1976 1976 1977 1975 1978 1979 1980 1980 1981 1978 1982 1983 1984 1984 1985 1982 1986 1987 1988 1988 1989 1986 1990 1991 1992 1992 1993 1990 1994 1995 1996 1996 1997 1994 1998 1999 2000 2000 2001 1998 2002 2003 2004 2004 2005 2002 2006 2007 2008 2008 2009 2006 2010 2011 2012 2012 2013 2010 2014 2015 2016 2016 2017 2014 2018 2019 2020 2020 2021 2018 2022 2023 2024 2024 2025 2022 2026 2027 2028 2028 2029 2026 2030 2031 2032 2032 2033 2030 2034 2035 2036 2036 2037 2034 2038 2039 2040 2040 2041 2038 2042 2043 2044 2044 2045 2042 2046 2047 2048 2048 2049 2046 2050 2051 2052 2052 2053 2050 2054 2055 2056 2057 2055 2054 2054 2058 2057 2059 2058 2054 2054 2060 2059 2061 2060 2054 2054 2062 2061 2054 2063 2062 2063 2064 2062 2054 2065 2063 2066 2065 2054 2054 2067 2066 2068 2067 2054 2054 2069 2068 2070 2069 2054 2054 2071 2070 2072 2071 2054 2054 2073 2072 2056 2073 2054 2074 1930 1929 1929 2075 2074 2075 1929 2076 2076 2077 2075 2078 2077 2076 1930 2074 2079 2079 1932 1930 1932 2079 2080 2080 1934 1932 1934 2080 2081 2081 1936 1934 1936 2081 2082 2082 1938 1936 1938 2082 2083 2083 1940 1938 1940 2083 2084 2084 1942 1940 1942 2084 2085 2085 1944 1942 1944 2085 2086 2086 1946 1944 1946 2086 2087 2087 1948 1946 1948 2087 2088 2088 1950 1948 1950 2088 2089 2089 1952 1950 1952 2089 2090 2090 1954 1952 1954 2090 2091 2091 1956 1954 2092 2093 2094 2094 2095 2092 2092 2095 2096 2096 2097 2092 2098 2097 2096 2096 2099 2098 2100 2098 2099 2099 2101 2100 2102 2100 2101 2101 2103 2102 2104 2102 2103 2103 2105 2104 2106 2094 2093 2093 2107 2106 2108 2104 2105 2105 2109 2108 2110 2111 2112 2112 2113 2110 2114 2110 2113 2113 2115 2114 2116 2114 2115 2115 2117 2116 2118 2116 2117 2117 2119 2118 2118 2119 2120 2120 2121 2118 2122 2112 2111 2111 2123 2122 2124 2125 2126 2126 2127 2124 2124 2127 2128 2128 2129 2124 2130 2129 2128 2130 2131 2129 2130 2132 2131 2130 2133 2132 2126 2125 2134 2134 2135 2126 2135 2134 2136 2136 2137 2135 2137 2136 2138 2138 2139 2137 2139 2138 2140 2140 2141 2139 2142 2141 2140 2140 2143 2142 2144 2142 2143 2143 2145 2144 2144 2145 2146 2146 2147 2144 2147 2146 2148 2148 2149 2147 2149 2148 2150 2150 2151 2149 2151 2150 2152 2152 2153 2151 2153 2152 2154 2154 2155 2153 2155 2154 2156 2156 2157 2155 2158 2157 2156 2156 2159 2158 2160 2161 2162 2160 2162 2163 2160 2163 2164 2165 2166 2167 2167 2168 2165 2169 2170 2171 2171 2172 2169 2172 2171 2173 2173 2174 2172 2174 2173 2175 2175 2176 2174 2177 2178 2179 2179 2180 2177 2181 2182 2183 2183 2184 2181 2184 2183 2185 2185 2186 2184 2186 2185 2187 2187 2188 2186 1909 2189 2190 2190 1911 1909 2191 2190 2189 2191 2192 2190 2192 2193 2190 2191 2189 2194 2191 2194 2195 2191 2195 2196 2197 2198 2199 2199 2200 2197 2201 2200 2199 2199 2202 2201 2203 2198 2197 2197 2204 2203 2203 2204 2205 2205 2206 2203 2201 2202 2207 2207 2208 2201 2209 2208 2207 2207 2210 2209 2209 2210 2211 2211 2212 2209 2213 2212 2211 2211 2214 2213 2213 2214 2215 2215 2216 2213 2217 2216 2215 2215 2218 2217 2217 2218 2219 2219 2220 2217 2221 2220 2219 2219 2222 2221 2221 2222 2223 2223 2224 2221 2225 2224 2223 2223 2226 2225 2225 2226 2227 2227 2228 2225 2229 2228 2227 2227 2230 2229 2231 2228 2229 2225 2228 2231 2229 2232 2231 2233 2232 2229 2229 2234 2233 2231 2235 2225 2225 2235 2236 2236 2224 2225 2221 2224 2236 2236 2237 2221 2221 2237 2238 2238 2220 2221 2217 2220 2238 2238 2239 2217 2217 2239 2240 2240 2216 2217 2213 2216 2240 2240 2241 2213 2213 2241 2242 2242 2212 2213 2209 2212 2242 2242 2243 2209 2209 2243 2244 2244 2208 2209 2208 2244 2245 2245 2201 2208 2201 2245 2246 2246 2200 2201 2197 2200 2246 2246 2247 2197 2197 2247 2248 2248 2204 2197 2249 2250 2251 2251 2252 2249 2253 2249 2252 2252 2254 2253 2255 2253 2254 2254 2256 2255 2257 2255 2256 2256 2258 2257 2259 2257 2258 2258 2260 2259 2261 2259 2260 2260 2262 2261 2263 2261 2262 2262 2264 2263 2265 2263 2264 2264 2266 2265 2267 2265 2266 2266 2268 2267 2269 2267 2268 2268 2270 2269 2271 2269 2270 2270 2272 2271 2273 2271 2272 2272 2274 2273 2275 2273 2274 2274 2276 2275 2277 2275 2276 2276 2278 2277 2279 2277 2278 2278 2280 2279 2250 2279 2280 2280 2251 2250 2281 2282 2283 2283 2284 2281 2285 2281 2284 2284 2286 2285 2287 2285 2286 2286 2288 2287 2289 2287 2288 2288 2290 2289 2291 2289 2290 2290 2292 2291 2293 2283 2282 2282 2294 2293 2295 2293 2294 2294 2296 2295 2297 2295 2296 2296 2298 2297 2299 2297 2298 2298 2300 2299 2301 2299 2300 2300 2302 2301 2303 2301 2302 2302 2304 2303 2305 2303 2304 2304 2306 2305 2307 2305 2306 2306 2308 2307 2309 2307 2308 2308 2310 2309 2311 2309 2310 2310 2312 2311 2313 2311 2312 2312 2314 2313 2315 2316 2317 2317 2318 2315 2319 2318 2317 2317 2320 2319 2319 2320 2321 2321 2322 2319 2323 2322 2321 2321 2324 2323 2325 2316 2315 2315 2326 2325 2325 2326 2327 2327 2328 2325 2329 2328 2327 2327 2330 2329 2329 2330 2331 2331 2332 2329 2333 2332 2331 2331 2334 2333 2333 2334 2335 2335 2336 2333 2337 2336 2335 2335 2338 2337 2337 2338 2339 2339 2340 2337 2341 2340 2339 2339 2342 2341 2341 2342 2343 2343 2344 2341 2345 2344 2343 2343 2346 2345 2347 2348 2349 2349 2350 2347 2351 2352 2353 2351 2353 2354 2353 2355 2354 2351 2354 2356 2354 2357 2356 2354 2358 2357 2357 2359 2356 2351 2356 2360 2356 2361 2360 2356 2362 2361 2361 2363 2360 2351 2360 2364 2360 2365 2364 2366 2351 2364 2367 2368 2369 2369 2370 2367 2371 2367 2370 2370 2372 2371 2367 2371 2373 2373 2374 2367 2368 2367 2374 2374 2375 2368 2376 2369 2368 2368 2377 2376 2377 2368 2375 2375 2378 2377 2378 2375 2379 2379 2375 2374 2379 2380 2378 2380 2381 2378 2380 2382 2381 2380 2383 2382 2378 2381 2384 2384 2377 2378 2384 2376 2377 2385 2374 2373 2374 2385 2379 2373 2386 2385 2384 2387 2376 2384 2388 2387 2389 2386 2373 2373 2390 2389 2391 2389 2390 2390 2392 2391 2393 2390 2373 2373 2371 2393 2394 2393 2371 2371 2372 2394 2393 2394 2395 2395 2396 2393 2396 2392 2390 2390 2393 2396 2397 2398 2399 2399 2400 2397 2401 2400 2399 2399 2402 2401 2398 2397 2403 2403 2404 2398 2404 2403 2405 2405 2406 2404 2407 2406 2405 2405 2408 2407 2407 2408 2409 2409 2410 2407 2411 2410 2409 2409 2412 2411 2413 2414 2415 2415 2416 2413 2417 2418 2419 2419 2420 2417 2421 2420 2419 2419 2422 2421 2423 2421 2422 2422 2424 2423 2425 2423 2424 2424 2426 2425 2425 2426 2427 2427 2428 2425 2428 2427 2429 2429 2430 2428 2430 2429 2431 2431 2432 2430 2433 2432 2431 2431 2434 2433 2435 2433 2434 2434 2436 2435 2435 2436 2437 2437 2438 2435 2439 2440 2441 2441 2442 2439 2443 2442 2441 2441 2444 2443 2445 2446 2447 2447 2448 2445 2449 2445 2448 2448 2450 2449 2451 2447 2446 2446 2452 2451 2453 2451 2452 2452 2454 2453 2455 2449 2450 2450 2456 2455 2457 2455 2456 2456 2458 2457 2457 2458 2459 2459 2460 2457 2461 2460 2459 2459 2462 2461 2463 2461 2462 2462 2464 2463 2465 2463 2464 2464 2466 2465 2467 2465 2466 2466 2468 2467 2469 2467 2468 2468 2470 2469 2469 2470 2471 2471 2472 2469 2473 2472 2471 2471 2474 2473 2475 2473 2474 2474 2476 2475 2477 2475 2476 2476 2478 2477 2479 2477 2478 2478 2480 2479 2479 2480 2481 2481 2482 2479 2482 2481 2483 2483 2484 2482 2485 2484 2483 2483 2486 2485 2487 2488 2489 2489 2490 2487 2491 2490 2489 2489 2492 2491 2493 2488 2487 2487 2494 2493 2491 2492 2495 2495 2496 2491 2497 2496 2495 2495 2498 2497 2497 2498 2499 2499 2500 2497 2501 2500 2499 2499 2502 2501 2501 2502 2503 2503 2504 2501 2505 2504 2503 2503 2506 2505 2505 2506 2507 2507 2508 2505 2509 2508 2507 2507 2510 2509 2509 2510 2511 2511 2512 2509 2513 2512 2511 2511 2514 2513 2513 2514 2515 2515 2516 2513 2517 2516 2515 2515 2518 2517 2519 2516 2517 2513 2516 2519 2517 2520 2519 2521 2520 2517 2517 2522 2521 2519 2523 2513 2513 2523 2524 2524 2512 2513 2509 2512 2524 2524 2525 2509 2509 2525 2526 2526 2508 2509 2505 2508 2526 2526 2527 2505 2505 2527 2528 2528 2504 2505 2501 2504 2528 2528 2529 2501 2501 2529 2530 2530 2500 2501 2497 2500 2530 2530 2531 2497 2497 2531 2532 2532 2496 2497 2496 2532 2533 2533 2491 2496 2491 2533 2534 2534 2490 2491 2487 2490 2534 2534 2535 2487 2487 2535 2536 2536 2494 2487 2493 2494 2537 2537 2538 2493 2539 2540 2541 2541 2542 2539 2543 2539 2542 2542 2544 2543 2545 2543 2544 2544 2546 2545 2547 2545 2546 2546 2548 2547 2549 2547 2548 2548 2550 2549 2551 2549 2550 2550 2552 2551 2553 2551 2552 2552 2554 2553 2555 2553 2554 2554 2556 2555 2557 2555 2556 2556 2558 2557 2559 2557 2558 2558 2560 2559 2561 2559 2560 2560 2562 2561 2563 2561 2562 2562 2564 2563 2565 2563 2564 2564 2566 2565 2567 2565 2566 2566 2568 2567 2569 2567 2568 2568 2570 2569 2540 2569 2570 2570 2541 2540 2571 2572 2573 2573 2574 2571 2575 2571 2574 2574 2576 2575 2577 2575 2576 2576 2578 2577 2579 2577 2578 2578 2580 2579 2581 2573 2572 2572 2582 2581 2583 2581 2582 2582 2584 2583 2585 2583 2584 2584 2586 2585 2587 2585 2586 2586 2588 2587 2589 2587 2588 2588 2590 2589 2591 2589 2590 2590 2592 2591 2593 2591 2592 2592 2594 2593 2595 2593 2594 2594 2596 2595 2597 2595 2596 2596 2598 2597 2599 2597 2598 2598 2600 2599 2601 2599 2600 2600 2602 2601 2603 2601 2602 2602 2604 2603 2605 2606 2607 2607 2608 2605 2609 2608 2607 2607 2610 2609 2609 2610 2611 2611 2612 2609 2613 2612 2611 2611 2614 2613 2615 2606 2605 2605 2616 2615 2615 2616 2617 2617 2618 2615 2619 2618 2617 2617 2620 2619 2619 2620 2621 2621 2622 2619 2623 2622 2621 2621 2624 2623 2623 2624 2625 2625 2626 2623 2627 2626 2625 2625 2628 2627 2627 2628 2629 2629 2630 2627 2631 2630 2629 2629 2632 2631 2631 2632 2633 2633 2634 2631 2635 2634 2633 2633 2636 2635 2637 2638 2639 2639 2640 2637 2641 2642 2643 2641 2643 2644 2643 2645 2644 2641 2644 2646 2644 2647 2646 2644 2648 2647 2647 2649 2646 2641 2646 2650 2646 2651 2650 2646 2652 2651 2651 2653 2650 2641 2650 2654 2650 2655 2654 2656 2641 2654 2657 2658 2659 2659 2660 2657 2661 2659 2658 2658 2662 2661 2663 2664 2665 2665 2666 2663 2667 2657 2660 2660 2668 2667 2669 2667 2668 2668 2670 2669 2671 2672 2673 2673 2674 2671 2675 2671 2674 2674 2676 2675 2677 2669 2670 2670 2678 2677 2679 2677 2678 2678 2680 2679 2681 2679 2680 2680 2682 2681 2683 2681 2682 2682 2684 2683 2685 2683 2684 2684 2686 2685 2687 2685 2686 2686 2688 2687 2689 2687 2688 2688 2690 2689 2691 2692 2693 2693 2694 2691 2695 2696 2697 2697 2698 2695 2699 2695 2698 2698 2700 2699 2701 2699 2700 2700 2702 2701 2703 2704 2705 2704 2706 2707 2707 2705 2704 2708 2707 2706 2706 2709 2708 2710 2708 2709 2709 2711 2710 2712 2710 2711 2711 2713 2712 2714 2712 2713 2713 2715 2714 2714 2715 2716 2716 2717 2714 2705 2718 2703 2719 2703 2718 2718 2720 2719 2721 2719 2720 2720 2722 2721 2721 2722 2723 2723 2724 2721 2725 2724 2723 2723 2726 2725 2727 2725 2726 2726 2728 2727 2729 2727 2728 2728 2730 2729 2731 2729 2730 2730 2732 2731 2733 2731 2732 2732 2734 2733 2735 2733 2734 2734 2736 2735 2737 2735 2736 2736 2738 2737 2739 2737 2738 2738 2740 2739 2741 2742 2743 2741 2743 2744 2743 2745 2744 2741 2744 2746 2744 2747 2746 2747 2748 2746 2741 2746 2749 2746 2750 2749 2746 2751 2750 2746 2752 2751 2751 2753 2750 2753 2754 2750 2750 2755 2749 2750 2756 2755 2756 2757 2755 2758 2759 2760 2761 2762 2763 2763 2764 2761 2765 2764 2763 2763 2766 2765 2766 2763 2767 2767 2768 2766 2769 2767 2763 2763 2762 2769 2769 2762 2770 2770 2771 2769 2772 2766 2768 2768 2773 2772 2774 2775 2776 2776 2777 2774 2777 2776 2778 2778 2779 2777 2775 2774 2780 2780 2781 2775 2782 2779 2778 2778 2783 2782 2784 2777 2779 2774 2777 2784 2779 2785 2784 2784 2786 2774 2780 2774 2786 2786 2787 2780 2788 2780 2787 2781 2780 2788 2787 2789 2788 2788 2789 2790 2790 2791 2788 2791 2790 2792 2792 2793 2791 2788 2791 2794 2794 2791 2793 2794 2795 2788 2788 2795 2781 2793 2796 2794 2796 2793 2797 2793 2798 2797 2798 2799 2797 2800 2798 2793 2792 2800 2793 2792 2801 2800 2792 2802 2801 2803 2785 2779 2779 2782 2803 2804 2805 2806 2806 2807 2804 2808 2807 2806 2806 2809 2808 2809 2806 2810 2810 2811 2809 2812 2809 2811 2811 2813 2812 2814 2812 2813 2813 2815 2814 2816 2814 2815 2815 2817 2816 2805 2816 2817 2818 2810 2806 2806 2805 2818 2817 2818 2805 2819 2820 2821 2822 2819 2821 2823 2822 2821 2819 2822 2824 2824 2825 2819 2825 2824 2826 2826 2827 2825 2828 2827 2826 2826 2829 2828 2830 2828 2829 2829 2831 2830 2832 2830 2831 2831 2833 2832 2834 2832 2833 2833 2835 2834 2836 2834 2835 2835 2837 2836 2838 2836 2837 2837 2839 2838 2840 2838 2839 2839 2841 2840 2840 2841 2842 2842 2843 2840 2843 2842 2844 2844 2845 2843 2846 2845 2844 2844 2847 2846 2848 2846 2847 2847 2849 2848 2850 2851 2852 2852 2853 2850 2854 2855 2856 2856 2857 2854 2858 2857 2856 2856 2859 2858 2860 2858 2859 2859 2861 2860 2862 2860 2861 2861 2863 2862 2864 2862 2863 2863 2865 2864 2866 2864 2865 2865 2867 2866 2866 2867 2868 2868 2869 2866 2868 2870 2869 2868 2871 2870 2872 2873 2874 2875 2876 2877 2877 2878 2875 2879 2875 2878 2878 2880 2879 2881 2879 2880 2880 2882 2881 2883 2881 2882 2882 2884 2883 2885 2883 2884 2884 2886 2885 2887 2885 2886 2886 2888 2887 2887 2888 2889 2889 2890 2887 2891 2890 2889 2889 2892 2891 2893 2891 2892 2892 2894 2893 2893 2894 2895 2895 2896 2893 2896 2895 2897 2897 2898 2896 2899 2898 2897 2897 2900 2899 2901 2899 2900 2900 2902 2901 2903 2901 2902 2902 2904 2903 2905 2903 2904 2904 2906 2905 2907 2905 2906 2906 2908 2907 2909 2907 2908 2908 2910 2909 2911 2909 2910 2910 2912 2911 2913 2911 2912 2912 2914 2913 2915 2916 2917 2917 2918 2915 2919 2917 2916 2916 2920 2919 2921 2922 2923 2923 2924 2921 2925 2923 2922 2922 2926 2925 2927 2925 2926 2926 2928 2927 2929 2927 2928 2928 2930 2929 2931 2929 2930 2930 2932 2931 2931 2932 2933 2933 2934 2931 2935 2934 2933 2933 2936 2935 2935 2936 2937 2937 2938 2935 2939 2938 2937 2937 2940 2939 2941 2939 2940 2940 2942 2941 2941 2942 2943 2943 2944 2941 2944 2943 2945 2945 2946 2944 2947 2946 2945 2945 2948 2947 2949 2947 2948 2948 2950 2949 2951 2952 2953 2953 2954 2951 2955 2951 2954 2954 2956 2955 2957 2955 2956 2956 2958 2957 2959 2957 2958 2958 2960 2959 2959 2960 2961 2961 2962 2959 2963 2962 2961 2961 2964 2963 2965 2963 2964 2964 2966 2965 2967 2968 2969 2969 2970 2967 2971 2969 2968 2968 2972 2971 2973 2974 2975 2975 2976 2973 2974 2973 2977 2977 2978 2974 2979 2980 2981 2981 2982 2979 2983 2984 2985 2985 2986 2983 2984 2983 2987 2987 2988 2984 2989 2990 2991 2991 2992 2989 2993 2994 2995 2995 2996 2993 2993 2996 2997 2997 2998 2993 2995 2994 2999 2999 3000 2995 3001 3000 2999 2999 3002 3001 3003 2998 2997 2997 3004 3003 3003 3004 3005 3005 3006 3003 3007 3006 3005 3005 3008 3007 3007 3008 3009 3009 3010 3007 3011 3010 3009 3009 3012 3011 3011 3012 3013 3013 3014 3011 3015 3014 3013 3013 3016 3015 3015 3016 3017 3017 3018 3015 3019 3018 3017 3017 3020 3019 3019 3020 3021 3021 3022 3019 3023 3022 3021 3021 3024 3023 3023 3024 3025 3025 3026 3023 3027 3025 3024 3025 3027 3028 3028 3029 3025 3024 3030 3027 3030 3024 3021 3021 3031 3030 3031 3021 3020 3020 3032 3031 3032 3020 3017 3017 3033 3032 3016 3034 3033 3033 3017 3016 3034 3016 3013 3013 3035 3034 3035 3013 3012 3012 3036 3035 3036 3012 3009 3009 3037 3036 3037 3009 3008 3008 3038 3037 3038 3008 3005 3005 3039 3038 3039 3005 3004 3004 3040 3039 3040 3004 2997 2997 3041 3040 3041 2997 2996 2996 3042 3041 3042 2996 2995 2995 3043 3042 3043 2995 3000 3000 3044 3043 3045 3046 3047 3047 3048 3045 3048 3047 3049 3049 3050 3048 3050 3049 3051 3051 3052 3050 3052 3051 3053 3053 3054 3052 3054 3053 3055 3055 3056 3054 3056 3055 3057 3057 3058 3056 3058 3057 3059 3059 3060 3058 3060 3059 3061 3061 3062 3060 3062 3061 3063 3063 3064 3062 3064 3063 3065 3065 3066 3064 3066 3065 3067 3067 3068 3066 3068 3067 3069 3069 3070 3068 3070 3069 3071 3071 3072 3070 3072 3071 3073 3073 3074 3072 3074 3073 3075 3075 3076 3074 3076 3075 3046 3046 3045 3076 3077 3078 3079 3079 3080 3077 3080 3079 3081 3081 3082 3080 3082 3081 3083 3083 3084 3082 3084 3083 3085 3085 3086 3084 3086 3085 3087 3087 3088 3086 3078 3077 3089 3089 3090 3078 3090 3089 3091 3091 3092 3090 3092 3091 3093 3093 3094 3092 3094 3093 3095 3095 3096 3094 3096 3095 3097 3097 3098 3096 3098 3097 3099 3099 3100 3098 3100 3099 3101 3101 3102 3100 3102 3101 3103 3103 3104 3102 3104 3103 3105 3105 3106 3104 3106 3105 3107 3107 3108 3106 3108 3107 3109 3109 3110 3108 3111 3112 3113 3113 3114 3111 3111 3114 3115 3115 3116 3111 3117 3116 3115 3115 3118 3117 3117 3118 3119 3119 3120 3117 3113 3112 3121 3121 3122 3113 3123 3122 3121 3121 3124 3123 3123 3124 3125 3125 3126 3123 3127 3126 3125 3125 3128 3127 3127 3128 3129 3129 3130 3127 3131 3130 3129 3129 3132 3131 3131 3132 3133 3133 3134 3131 3135 3134 3133 3133 3136 3135 3135 3136 3137 3137 3138 3135 3139 3138 3137 3137 3140 3139 3139 3140 3141 3141 3142 3139 3143 3144 3145 3145 3146 3143 3147 3148 3149 3147 3149 3150 3149 3151 3150 3149 3152 3151 3149 3153 3152 3149 3154 3153 3153 3155 3152 3152 3156 3151 3152 3157 3156 3156 3158 3151 3151 3159 3150 3151 3160 3159 3159 3161 3150 3147 3150 3162 3163 3164 3165 3165 3166 3163 3164 3163 3167 3167 3168 3164 3169 3167 3163 3163 3170 3169 3170 3163 3166 3166 3171 3170 3166 3165 3172 3172 3173 3166 3171 3166 3173 3173 3174 3171 3175 3171 3174 3170 3171 3175 3174 3176 3175 3176 3174 3177 3176 3177 3178 3176 3178 3179 3174 3173 3180 3180 3177 3174 3180 3173 3172 3169 3170 3181 3175 3181 3170 3181 3182 3169 3180 3172 3183 3180 3183 3184 3169 3182 3185 3186 3185 3187 3187 3188 3186 3186 3188 3189 3189 3190 3186 3169 3186 3190 3185 3186 3169 3190 3167 3169 3167 3190 3191 3191 3168 3167 3190 3189 3192 3192 3191 3190 3193 3194 3195 3195 3196 3193 3196 3195 3197 3197 3198 3196 3194 3193 3199 3199 3200 3194 3200 3199 3201 3201 3202 3200 3203 3202 3201 3201 3204 3203 3203 3204 3205 3205 3206 3203 3206 3205 3207 3207 3208 3206 3209 3210 3211 3211 3212 3209 3213 3214 3215 3215 3216 3213 3216 3215 3217 3217 3218 3216 3218 3217 3219 3219 3220 3218 3220 3219 3221 3221 3222 3220 3222 3221 3223 3223 3224 3222 3224 3223 3225 3225 3226 3224 3226 3225 3227 3227 3228 3226 3228 3227 3229 3229 3230 3228 3230 3229 3231 3231 3232 3230 3232 3231 3233 3233 3234 3232 3235 3236 3237 3237 3238 3235 3239 3240 3241 3241 3242 3239 3243 3244 3245 3245 3246 3243 3246 3245 3247 3247 3248 3246 3244 3243 3249 3249 3250 3244 3250 3249 3251 3251 3252 3250 3248 3247 3253 3253 3254 3248 3254 3253 3255 3255 3256 3254 3257 3256 3255 3255 3258 3257 3257 3258 3259 3259 3260 3257 3260 3259 3261 3261 3262 3260 3262 3261 3263 3263 3264 3262 3264 3263 3265 3265 3266 3264 3266 3265 3267 3267 3268 3266 3269 3268 3267 3267 3270 3269 3269 3270 3271 3271 3272 3269 3272 3271 3273 3273 3274 3272 3274 3273 3275 3275 3276 3274 3276 3275 3277 3277 3278 3276 3279 3278 3277 3277 3280 3279 3281 3279 3280 3280 3282 3281 3281 3282 3283 3283 3284 3281 3285 3286 3287 3287 3288 3285 3285 3288 3289 3289 3290 3285 3287 3286 3291 3291 3292 3287 3293 3290 3289 3289 3294 3293 3293 3294 3295 3295 3296 3293 3297 3296 3295 3295 3298 3297 3297 3298 3299 3299 3300 3297 3301 3300 3299 3299 3302 3301 3301 3302 3303 3303 3304 3301 3305 3304 3303 3303 3306 3305 3305 3306 3307 3307 3308 3305 3309 3308 3307 3307 3310 3309 3309 3310 3311 3311 3312 3309 3313 3312 3311 3311 3314 3313 3313 3314 3315 3315 3316 3313 3317 3315 3314 3315 3317 3318 3318 3319 3315 3314 3320 3317 3320 3314 3311 3311 3321 3320 3321 3311 3310 3310 3322 3321 3322 3310 3307 3307 3323 3322 3306 3324 3323 3323 3307 3306 3324 3306 3303 3303 3325 3324 3325 3303 3302 3302 3326 3325 3326 3302 3299 3299 3327 3326 3327 3299 3298 3298 3328 3327 3328 3298 3295 3295 3329 3328 3329 3295 3294 3294 3330 3329 3330 3294 3289 3289 3331 3330 3331 3289 3288 3288 3332 3331 3332 3288 3287 3287 3333 3332 3333 3287 3292 3292 3334 3333 3335 3292 3291 3291 3336 3335 3337 3338 3339 3339 3340 3337 3340 3339 3341 3341 3342 3340 3342 3341 3343 3343 3344 3342 3344 3343 3345 3345 3346 3344 3346 3345 3347 3347 3348 3346 3348 3347 3349 3349 3350 3348 3350 3349 3351 3351 3352 3350 3352 3351 3353 3353 3354 3352 3354 3353 3355 3355 3356 3354 3356 3355 3357 3357 3358 3356 3358 3357 3359 3359 3360 3358 3360 3359 3361 3361 3362 3360 3362 3361 3363 3363 3364 3362 3364 3363 3365 3365 3366 3364 3366 3365 3367 3367 3368 3366 3368 3367 3338 3338 3337 3368 3369 3370 3371 3371 3372 3369 3372 3371 3373 3373 3374 3372 3374 3373 3375 3375 3376 3374 3376 3375 3377 3377 3378 3376 3370 3369 3379 3379 3380 3370 3380 3379 3381 3381 3382 3380 3382 3381 3383 3383 3384 3382 3384 3383 3385 3385 3386 3384 3386 3385 3387 3387 3388 3386 3388 3387 3389 3389 3390 3388 3390 3389 3391 3391 3392 3390 3392 3391 3393 3393 3394 3392 3394 3393 3395 3395 3396 3394 3396 3395 3397 3397 3398 3396 3398 3397 3399 3399 3400 3398 3400 3399 3401 3401 3402 3400 3403 3404 3405 3405 3406 3403 3403 3406 3407 3407 3408 3403 3409 3408 3407 3407 3410 3409 3409 3410 3411 3411 3412 3409 3405 3404 3413 3413 3414 3405 3415 3414 3413 3413 3416 3415 3415 3416 3417 3417 3418 3415 3419 3418 3417 3417 3420 3419 3419 3420 3421 3421 3422 3419 3423 3422 3421 3421 3424 3423 3423 3424 3425 3425 3426 3423 3427 3426 3425 3425 3428 3427 3427 3428 3429 3429 3430 3427 3431 3430 3429 3429 3432 3431 3431 3432 3433 3433 3434 3431 3435 3436 3437 3437 3438 3435 3439 3440 3441 3439 3441 3442 3441 3443 3442 3441 3444 3443 3441 3445 3444 3441 3446 3445 3445 3447 3444 3444 3448 3443 3444 3449 3448 3448 3450 3443 3443 3451 3442 3443 3452 3451 3451 3453 3442 3439 3442 3454 3455 3456 3457 3457 3458 3455 3458 3457 3459 3459 3460 3458 3461 3462 3463 3463 3464 3461 3456 3455 3465 3465 3466 3456 3466 3465 3467 3467 3468 3466 3469 3470 3471 3471 3472 3469 3472 3471 3473 3473 3474 3472 3468 3467 3475 3475 3476 3468 3476 3475 3477 3477 3478 3476 3478 3477 3479 3479 3480 3478 3480 3479 3481 3481 3482 3480 3482 3481 3483 3483 3484 3482 3484 3483 3485 3485 3486 3484 3486 3485 3487 3487 3488 3486 3489 3490 3491 3491 3492 3489 3493 3494 3495 3495 3496 3493 3496 3495 3497 3497 3498 3496 3498 3497 3499 3499 3500 3498 3501 3502 3503 3503 3504 3501 3504 3503 3505 3505 3506 3504 3506 3505 3507 3507 3508 3506 3508 3507 3509 3509 3510 3508 3510 3509 3511 3511 3512 3510 3512 3511 3513 3513 3514 3512 3514 3513 3515 3515 3516 3514 3516 3515 3517 3517 3518 3516 3518 3517 3519 3519 3520 3518 3520 3519 3521 3521 3522 3520 3523 3524 3525 3525 3526 3523 3526 3525 3527 3527 3528 3526 3502 3501 3529 3529 3530 3502 3530 3529 3531 3531 3532 3530 3532 3531 3533 3533 3534 3532 3535 3536 3537 3537 3538 3535 3538 3537 3539 3539 3540 3538 3540 3539 3541 3541 3542 3540 3543 3544 3545 3543 3545 3546 3545 3547 3546 3545 3548 3547 3548 3549 3547 3547 3550 3546 3550 3551 3546 3550 3552 3551 3552 3553 3551 3552 3554 3553 3553 3555 3551 3551 3556 3546 3551 3557 3556 3551 3558 3557 3558 3559 3557 3560 3561 3562 3563 3564 3565 3565 3566 3563 3565 3564 3567 3567 3568 3565 3569 3565 3568 3568 3570 3569 3565 3569 3571 3571 3566 3565 3572 3566 3571 3571 3573 3572 3570 3568 3574 3574 3575 3570 3576 3577 3578 3578 3579 3576 3580 3576 3579 3579 3581 3580 3582 3578 3577 3577 3583 3582 3580 3581 3584 3584 3585 3580 3581 3579 3586 3586 3579 3578 3586 3587 3581 3578 3588 3586 3588 3578 3582 3582 3589 3588 3589 3582 3590 3590 3582 3583 3590 3591 3589 3592 3591 3590 3590 3593 3592 3594 3592 3593 3593 3595 3594 3596 3593 3590 3595 3593 3596 3590 3597 3596 3583 3597 3590 3596 3598 3595 3598 3599 3595 3599 3600 3595 3599 3601 3600 3595 3600 3602 3594 3595 3602 3594 3602 3603 3594 3603 3604 3581 3587 3605 3605 3584 3581 3606 3607 3608 3608 3609 3606 3607 3606 3610 3610 3611 3607 3612 3607 3611 3611 3613 3612 3613 3611 3614 3614 3615 3613 3615 3614 3616 3616 3617 3615 3617 3616 3618 3618 3619 3617 3619 3618 3608 3607 3612 3620 3620 3608 3607 3608 3620 3619 3621 3622 3623 3624 3621 3623 3624 3623 3625 3625 3623 3626 3626 3627 3625 3627 3626 3628 3628 3629 3627 3629 3628 3630 3630 3631 3629 3631 3630 3632 3632 3633 3631 3633 3632 3634 3634 3635 3633 3635 3634 3636 3636 3637 3635 3637 3636 3638 3638 3639 3637 3639 3638 3640 3640 3641 3639 3641 3640 3642 3642 3643 3641 3644 3643 3642 3642 3645 3644 3646 3644 3645 3645 3647 3646 3646 3647 3648 3648 3649 3646 3649 3648 3650 3650 3651 3649 3652 3653 3654 3654 3655 3652 3656 3657 3658 3658 3659 3656 3659 3658 3660 3660 3661 3659 3661 3660 3662 3662 3663 3661 3663 3662 3664 3664 3665 3663 3665 3664 3666 3666 3667 3665 3667 3666 3668 3668 3669 3667 3670 3669 3668 3668 3671 3670 3670 3671 3672 3670 3672 3673 3670 3673 3674 3675 3676 3677 3677 3678 3675 3678 3677 3679 3679 3680 3678 3680 3679 3681 3681 3682 3680 3682 3681 3683 3683 3684 3682 3684 3683 3685 3685 3686 3684 3686 3685 3687 3687 3688 3686 3689 3688 3687 3687 3690 3689 3689 3690 3691 3691 3692 3689 3692 3691 3693 3693 3694 3692 3695 3694 3693 3693 3696 3695 3697 3695 3696 3696 3698 3697 3697 3698 3699 3699 3700 3697 3700 3699 3701 3701 3702 3700 3702 3701 3703 3703 3704 3702 3704 3703 3705 3705 3706 3704 3706 3705 3707 3707 3708 3706 3708 3707 3709 3709 3710 3708 3710 3709 3711 3711 3712 3710 3712 3711 3713 3713 3714 3712 3715 3716 3717 3717 3718 3715 3718 3717 3719 3719 3720 3718 3721 3722 3723 3723 3724 3721 3724 3723 3725 3725 3726 3724 3726 3725 3727 3727 3728 3726 3728 3727 3729 3729 3730 3728 3730 3729 3731 3731 3732 3730 3733 3732 3731 3731 3734 3733 3733 3734 3735 3735 3736 3733 3737 3736 3735 3735 3738 3737 3737 3738 3739 3739 3740 3737 3740 3739 3741 3741 3742 3740 3743 3742 3741 3741 3744 3743 3745 3743 3744 3744 3746 3745 3745 3746 3747 3747 3748 3745 3748 3747 3749 3749 3750 3748 3751 3752 3753 3753 3754 3751 3754 3753 3755 3755 3756 3754 3756 3755 3757 3757 3758 3756 3758 3757 3759 3759 3760 3758 3761 3760 3759 3759 3762 3761 3761 3762 3763 3763 3764 3761 3764 3763 3765 3765 3766 3764 3767 3768 3769 3769 3770 3767 3768 3767 3771 3771 3772 3768 3773 3774 3775 3775 3776 3773 3777 3775 3774 3774 3778 3777 3779 3780 3781 3781 3782 3779 3783 3784 3785 3785 3786 3783 3787 3785 3784 3784 3788 3787 3789 3790 3791 3791 3792 3789 3793 3794 3795 3795 3796 3793 3795 3794 3797 3797 3798 3795 3799 3794 3793 3797 3794 3799 3793 3800 3799 3799 3800 3801 3801 3802 3799 3799 3802 3803 3803 3804 3799 3799 3804 3797 3805 3804 3803 3797 3804 3805 3803 3806 3805 3807 3798 3797 3797 3808 3807 3805 3808 3797 3809 3810 3811 3811 3812 3809 3810 3809 3813 3813 3814 3810 3815 3814 3813 3813 3816 3815 3817 3818 3819 3817 3819 3820 3821 3817 3820 3822 3823 3824 3822 3824 3825 3824 3826 3825 3827 3828 3829 3830 3827 3829 3827 3830 3831 3832 3827 3831 3827 3832 3833 3834 3827 3833 3827 3834 3835 3836 3827 3835 3827 3836 3837 3828 3827 3837 3838 3839 3840 3840 3841 3838 3842 3843 3844 3844 3845 3842 3846 3847 3848 3848 3849 3846 3850 3851 3852 3852 3853 3850 3854 3855 3856 3856 3857 3854 3858 3859 3860 3860 3861 3858 3862 3863 3864 3864 3865 3862 3866 3867 3868 3868 3869 3866 3870 3871 3872 3872 3873 3870 3874 3875 3876 3876 3877 3874 3878 3879 3880 3880 3881 3878 3882 3883 3884 3884 3885 3882 3886 3887 3888 3888 3889 3886 3890 3891 3892 3892 3893 3890 3894 3895 3896 3896 3897 3894 3898 3899 3900 3900 3901 3898 3902 3903 3904 3904 3905 3902 3906 3907 3908 3908 3909 3906 3910 3911 3912 3912 3913 3910 3914 3915 3916 3916 3917 3914 3918 3919 3920 3920 3921 3918 3922 3920 3919 3919 3923 3922 3921 3920 3924 3924 3920 3922 3924 3925 3921 3926 3925 3924 3924 3927 3926 3928 3927 3924 3924 3929 3928 3922 3929 3924 3928 3929 3930 3930 3929 3922 3930 3931 3928 3922 3923 3932 3932 3933 3922 3922 3933 3930 3934 3935 3936 3936 3937 3934 3935 3934 3938 3938 3939 3935 3939 3938 3940 3940 3941 3939 3942 3943 3944 3942 3944 3945 3942 3945 3946 3947 3948 3949 3947 3949 3950 3947 3950 3951 3952 3953 3954 3955 3953 3952 3952 3956 3955 3957 3956 3952 3952 3958 3957 3959 3958 3952 3952 3960 3959 3961 3960 3952 3952 3962 3961 3954 3962 3952 3963 3964 3965 3965 3966 3963 3967 3968 3969 3969 3970 3967 3971 3972 3973 3973 3974 3971 3975 3976 3977 3977 3978 3975 3979 3980 3981 3981 3982 3979 3983 3984 3985 3985 3986 3983 3987 3988 3989 3989 3990 3987 3991 3992 3993 3993 3994 3991 3995 3996 3997 3997 3998 3995 3999 4000 4001 4001 4002 3999 4003 4004 4005 4005 4006 4003 4007 4008 4009 4009 4010 4007 4011 4012 4013 4013 4014 4011 4015 4016 4017 4017 4018 4015 4019 4020 4021 4021 4022 4019 4023 4024 4025 4025 4026 4023 4027 4028 4029 4029 4030 4027 4031 4032 4033 4033 4034 4031 4035 4036 4037 4037 4038 4035 4039 4040 4041 4041 4042 4039 4043 4044 4045 4045 4046 4043 4047 4043 4046 4046 4048 4047 4043 4047 4049 4049 4050 4043 4044 4043 4051 4051 4052 4044 4053 4050 4049 4049 4054 4053 4055 4052 4051 4051 4056 4055 4046 4045 4057 4057 4058 4046 4048 4046 4058 4058 4059 4048 4060 4058 4057 4057 4061 4060 4062 4059 4058 4058 4060 4062 4063 4049 4064 4064 4065 4063 4065 4064 4048 4066 4067 4068 4068 4069 4066 4069 4068 4070 4048 4071 4065 4071 4048 4059 4070 4072 4069 4067 4066 4073 4073 4074 4067 4049 4063 4075 4075 4054 4049 4059 4076 4071 4072 4070 4076 4076 4059 4062 4076 4077 4072 4062 4078 4076 4077 4076 4078 4078 4079 4077 4080 4081 4082 4083 4084 4085 4085 4086 4083 4087 4088 4089 4089 4090 4087 4091 4087 4090 4090 4092 4091 4093 4091 4092 4092 4094 4093 4095 4093 4094 4094 4096 4095 4097 4095 4096 4096 4098 4097 4082 4099 4080 4100 4101 4102 4103 4097 4098 4098 4055 4103 4104 4103 4055 4055 4056 4104 4105 4106 4107 4107 4108 4105 4109 4110 4111 4111 4112 4109 4113 4114 4074 4074 4073 4113 4115 4113 4073 4073 4116 4115 4117 4115 4116 4116 4118 4117 4117 4118 4119 4119 4120 4117 4120 4119 4121 4121 4122 4120 4123 4122 4121 4121 4100 4123 4102 4123 4100 4124 4125 4126 4126 4127 4124 4128 4124 4127 4127 4129 4128 4130 4128 4129 4129 4131 4130 4132 4130 4131 4131 4133 4132 4134 4132 4133 4133 4135 4134 4136 4134 4135 4135 4137 4136 4138 4136 4137 4137 4139 4138 4140 4138 4139 4139 4141 4140 4142 4140 4141 4141 4143 4142 4144 4142 4143 4143 4145 4144 4146 4144 4145 4145 4147 4146 4148 4146 4147 4147 4149 4148 4150 4148 4149 4149 4151 4150 4152 4150 4151 4151 4153 4152 4154 4152 4153 4153 4155 4154 4156 4154 4155 4155 4157 4156 4158 4156 4157 4157 4159 4158 4125 4158 4159 4159 4126 4125 4160 4161 4162 4162 4163 4160 4164 4160 4163 4163 4165 4164 4166 4164 4165 4165 4167 4166 4168 4166 4167 4167 4169 4168 4170 4168 4169 4169 4171 4170 4172 4170 4171 4171 4173 4172 4174 4172 4173 4173 4175 4174 4176 4174 4175 4175 4177 4176 4178 4176 4177 4177 4179 4178 4180 4178 4179 4179 4181 4180 4182 4180 4181 4181 4183 4182 4184 4182 4183 4183 4185 4184 4186 4184 4185 4185 4187 4186 4188 4186 4187 4187 4189 4188 4190 4191 4192 4192 4193 4190 4194 4195 4196 4196 4197 4194 4198 4199 4200 4200 4201 4198 4161 4198 4201 4201 4162 4161 4202 4203 4204 4205 4204 4203 4203 4206 4205 4207 4205 4206 4206 4208 4207 4209 4207 4208 4208 4210 4209 4211 4209 4210 4210 4212 4211 4213 4211 4212 4212 4214 4213 4215 4213 4214 4214 4216 4215 4217 4215 4216 4216 4218 4217 4219 4217 4218 4218 4220 4219 4221 4219 4220 4220 4222 4221 4223 4221 4222 4222 4224 4223 4225 4223 4224 4224 4226 4225 4227 4225 4226 4226 4228 4227 4229 4227 4228 4228 4230 4229 4231 4229 4230 4230 4232 4231 4233 4231 4232 4232 4234 4233 4235 4233 4234 4234 4236 4235 4237 4235 4236 4236 4202 4237 4204 4237 4202 4238 4239 4240 4240 4241 4238 4238 4241 4242 4242 4243 4238 4244 4243 4242 4242 4245 4244 4246 4240 4239 4239 4247 4246 4248 4246 4247 4247 4249 4248 4250 4251 4252 4252 4253 4250 4254 4255 4256 4256 4257 4254 4258 4259 4260 4260 4261 4258 4262 4263 4264 4264 4265 4262 4266 4267 4268 4268 4269 4266 4270 4266 4269 4269 4271 4270 4272 4270 4271 4271 4273 4272 4274 4272 4273 4273 4275 4274 4276 4274 4275 4275 4277 4276 4278 4279 4280 4280 4281 4278 4282 4283 4284 4284 4285 4282 4286 4282 4285 4285 4287 4286 4288 4289 4290 4290 4291 4288 4292 4293 4294 4294 4295 4292 4293 4292 4296 4296 4297 4293 4298 4296 4292 4292 4299 4298 4300 4292 4295 4295 4301 4300 4298 4299 4302 4302 4303 4298 4304 4305 4300 4300 4301 4304 4306 4294 4293 4293 4307 4306 4307 4293 4297 4297 4308 4307 4306 4307 4309 4309 4310 4306 4311 4309 4307 4307 4308 4311 4312 4298 4313 4313 4314 4312 4297 4312 4314 4315 4316 4317 4317 4318 4315 4319 4315 4318 4314 4320 4297 4308 4297 4320 4318 4321 4319 4322 4317 4316 4316 4323 4322 4324 4313 4298 4298 4303 4324 4320 4325 4308 4325 4319 4321 4311 4308 4325 4321 4326 4325 4325 4327 4311 4327 4325 4326 4326 4328 4327 4329 4330 4331 4332 4333 4334 4334 4335 4332 4336 4337 4338 4338 4339 4336 4339 4338 4340 4340 4341 4339 4341 4340 4342 4342 4343 4341 4343 4342 4344 4344 4345 4343 4345 4344 4346 4346 4347 4345 4331 4348 4329 4349 4350 4351 4347 4346 4352 4352 4304 4347 4304 4352 4353 4353 4305 4304 4354 4355 4356 4356 4357 4354 4358 4359 4360 4360 4361 4358 4323 4362 4363 4363 4322 4323 4322 4363 4364 4364 4365 4322 4365 4364 4366 4366 4367 4365 4368 4367 4366 4366 4369 4368 4370 4368 4369 4369 4371 4370 4370 4371 4372 4372 4351 4370 4351 4372 4349 4373 4374 4375 4375 4376 4373 4376 4375 4377 4377 4378 4376 4378 4377 4379 4379 4380 4378 4380 4379 4381 4381 4382 4380 4382 4381 4383 4383 4384 4382 4384 4383 4385 4385 4386 4384 4386 4385 4387 4387 4388 4386 4388 4387 4389 4389 4390 4388 4390 4389 4391 4391 4392 4390 4392 4391 4393 4393 4394 4392 4394 4393 4395 4395 4396 4394 4396 4395 4397 4397 4398 4396 4398 4397 4399 4399 4400 4398 4400 4399 4401 4401 4402 4400 4402 4401 4403 4403 4404 4402 4404 4403 4405 4405 4406 4404 4406 4405 4407 4407 4408 4406 4408 4407 4374 4374 4373 4408 4409 4410 4411 4411 4412 4409 4412 4411 4413 4413 4414 4412 4414 4413 4415 4415 4416 4414 4416 4415 4417 4417 4418 4416 4418 4417 4419 4419 4420 4418 4420 4419 4421 4421 4422 4420 4422 4421 4423 4423 4424 4422 4424 4423 4425 4425 4426 4424 4426 4425 4427 4427 4428 4426 4428 4427 4429 4429 4430 4428 4430 4429 4431 4431 4432 4430 4432 4431 4433 4433 4434 4432 4434 4433 4435 4435 4436 4434 4436 4435 4437 4437 4438 4436 4439 4440 4441 4441 4442 4439 4443 4444 4445 4445 4446 4443 4447 4448 4449 4449 4450 4447 4450 4449 4410 4410 4409 4450 4451 4452 4453 4453 4454 4451 4454 4453 4455 4455 4456 4454 4456 4455 4457 4457 4458 4456 4458 4457 4459 4459 4460 4458 4460 4459 4461 4461 4462 4460 4462 4461 4463 4463 4464 4462 4464 4463 4465 4465 4466 4464 4466 4465 4467 4467 4468 4466 4468 4467 4469 4469 4470 4468 4470 4469 4471 4471 4472 4470 4472 4471 4473 4473 4474 4472 4474 4473 4475 4475 4476 4474 4476 4475 4477 4477 4478 4476 4478 4477 4479 4479 4480 4478 4480 4479 4481 4481 4482 4480 4482 4481 4483 4483 4484 4482 4484 4483 4485 4485 4486 4484 4486 4485 4452 4452 4451 4486 4487 4488 4489 4489 4490 4487 4490 4489 4491 4491 4492 4490 4492 4491 4493 4493 4494 4492 4488 4487 4495 4495 4496 4488 4496 4495 4497 4497 4498 4496 4499 4500 4501 4501 4502 4499 4503 4504 4505 4505 4506 4503 4507 4508 4509 4509 4510 4507 4511 4512 4513 4513 4514 4511 4515 4516 4517 4517 4518 4515 4518 4517 4519 4519 4520 4518 4520 4519 4521 4521 4522 4520 4522 4521 4523 4523 4524 4522 4524 4523 4525 4525 4526 4524 4527 4528 4529 4529 4530 4527 4531 4532 4533 4533 4534 4531 4534 4533 4535 4535 4536 4534 4537 4538 4539 4539 4540 4537 4541 4542 4543 4543 4544 4541 4545 4541 4544 4544 4546 4545 4547 4542 4541 4541 4548 4547 4542 4547 4549 4549 4550 4542 4543 4542 4550 4551 4550 4549 4549 4552 4551 4550 4553 4543 4553 4550 4551 4554 4547 4548 4548 4555 4554 4556 4555 4548 4548 4557 4556 4557 4548 4541 4541 4545 4557 4551 4558 4553 4559 4560 4561 4561 4562 4559 4563 4560 4559 4559 4564 4563 4565 4563 4564 4564 4566 4565 4567 4565 4566 4566 4568 4567 4569 4567 4568 4568 4570 4569 4571 4572 4573 4573 4574 4571 4575 4576 4577 4577 4578 4575 4579 4575 4578 4578 4580 4579 4581 4579 4580 4580 4582 4581 4583 4581 4582 4582 4584 4583 4585 4586 4587 4587 4588 4585 4589 4585 4588 4588 4590 4589 4591 4589 4590 4590 4592 4591 4593 4591 4592 4592 4594 4593 4595 4593 4594 4594 4596 4595 4597 4595 4596 4596 4598 4597 4599 4600 4601 4601 4602 4599 4603 4601 4600 4600 4604 4603 4605 4603 4604 4604 4606 4605 4607 4605 4606 4606 4608 4607 4609 4610 4611 4611 4612 4609 4613 4609 4612 4612 4614 4613 4615 4611 4610 4610 4616 4615 4615 4616 4617 4617 4618 4615 4619 4618 4617 4617 4620 4619 4621 4619 4620 4620 4622 4621 4613 4614 4623 4623 4624 4613 4625 4624 4623 4623 4626 4625 4627 4625 4626 4626 4628 4627 4629 4627 4628 4628 4630 4629 4631 4632 4633 4633 4634 4631 4632 4631 4635 4635 4636 4632 4631 4634 4637 4637 4638 4631 4639 4637 4634 4634 4640 4639 4640 4634 4633 4639 4640 4641 4641 4642 4639 4633 4643 4640 4641 4640 4643 4638 4637 4644 4644 4645 4638 4638 4645 4646 4646 4647 4638 4647 4635 4631 4631 4638 4647 4643 4648 4641 4649 4650 4651 4651 4652 4649 4652 4651 4653 4653 4654 4652 4654 4653 4655 4655 4656 4654 4656 4655 4657 4657 4658 4656 4658 4657 4659 4659 4660 4658 4661 4662 4663 4663 4664 4661 4665 4666 4667 4667 4668 4665 4668 4667 4669 4669 4670 4668 4670 4669 4671 4671 4672 4670 4672 4671 4673 4673 4674 4672 4675 4676 4677 4677 4678 4675 4678 4677 4679 4679 4680 4678 4680 4679 4681 4681 4682 4680 4682 4681 4683 4683 4684 4682 4684 4683 4685 4685 4686 4684 4686 4685 4687 4687 4688 4686 4689 4690 4691 4691 4692 4689 4692 4691 4693 4693 4694 4692 4694 4693 4695 4695 4696 4694 4696 4695 4697 4697 4698 4696 4699 4700 4701 4701 4702 4699 4700 4699 4703 4703 4704 4700 4702 4701 4705 4705 4706 4702 4707 4706 4705 4705 4708 4707 4707 4708 4709 4709 4710 4707 4710 4709 4711 4711 4712 4710 4713 4704 4703 4703 4714 4713 4713 4714 4715 4715 4716 4713 4716 4715 4717 4717 4718 4716 4718 4717 4719 4719 4720 4718 4721 4722 4723 4721 4723 4724 4721 4724 4725 4721 4725 4726 4727 4725 4724 4724 4728 4727 4728 4729 4727 4728 4730 4729 4729 4731 4727 4729 4732 4731 4733 4734 4735 4735 4736 4733 4737 4738 4739 4739 4740 4737 4735 4734 4741 4742 4738 4737 4741 4743 4735 4744 4743 4741 4741 4745 4744 4746 4742 4747 4737 4747 4742 4747 4748 4746 4749 4733 4736 4736 4750 4749 4751 4749 4750 4750 4752 4751 4753 4754 4755 4755 4756 4753 4757 4758 4759 4759 4760 4757 4761 4762 4763 4763 4764 4761 4765 4766 4767 4767 4768 4765 4754 4765 4768 4768 4755 4754 4769 4761 4764 4764 4770 4769 4771 4769 4770 4770 4772 4771 4773 4774 4775 4775 4776 4773 4766 4773 4776 4776 4767 4766 4777 4771 4772 4775 4774 4778 4772 4779 4777 4780 4777 4779 4779 4781 4780 4778 4782 4783 4783 4784 4778 4778 4784 4775 4785 4786 4787 4787 4788 4785 4739 4753 4756 4756 4740 4739 4789 4790 4791 4791 4792 4789 4793 4794 4795 4793 4795 4796 4793 4796 4797 4798 4793 4797 4796 4795 4799 4799 4800 4796 4800 4799 4801 4799 4802 4801 4802 4803 4801 4804 4800 4801 4805 4806 4807 4807 4808 4805 4809 4810 4811 4811 4812 4809 4808 4807 4813 4813 4814 4808 4811 4810 4815 4814 4813 4816 4816 4817 4814 4818 4815 4819 4815 4818 4811 4819 4820 4818 4806 4805 4821 4821 4822 4806 4822 4821 4823 4823 4824 4822 4825 4826 4827 4827 4828 4825 4829 4830 4831 4831 4832 4829 4833 4834 4835 4835 4836 4833 4837 4838 4839 4839 4840 4837 4826 4825 4840 4840 4839 4826 4836 4835 4841 4841 4842 4836 4842 4841 4843 4843 4844 4842 4845 4846 4847 4847 4848 4845 4838 4837 4848 4848 4847 4838 4844 4843 4849 4850 4846 4845 4849 4851 4844 4851 4849 4852 4852 4853 4851 4854 4855 4850 4850 4856 4854 4845 4856 4850 4857 4858 4859 4859 4860 4857 4809 4812 4828 4828 4827 4809 4861 4862 4863 4863 4864 4861 4865 4866 4867 4867 4868 4865 4869 4868 4867 4867 4870 4869 4871 4872 4873 4873 4874 4871 4874 4873 4875 4875 4876 4874 4876 4875 4877 4877 4878 4876 4879 4878 4877 4877 4880 4879 4881 4882 4883 4883 4884 4881 4882 4881 4885 4885 4886 4882 4887 4882 4886 4886 4888 4887 4882 4887 4889 4889 4883 4882 4881 4884 4890 4890 4891 4881 4892 4885 4881 4881 4891 4892 4883 4889 4893 4893 4894 4883 4894 4893 4895 4895 4896 4894 4897 4885 4892 4892 4898 4897 4899 4888 4886 4886 4900 4899 4900 4886 4885 4885 4897 4900 4897 4898 4901 4901 4902 4897 4900 4897 4902 4899 4900 4903 4902 4903 4900 4903 4904 4899 4905 4906 4907 4907 4908 4905 4907 4906 4909 4909 4910 4907 4910 4909 4911 4911 4912 4910 4912 4911 4913 4913 4914 4912 4912 4914 4915 4915 4916 4912 4910 4912 4916 4916 4917 4910 4918 4907 4910 4910 4917 4918 4919 4908 4907 4907 4918 4919 4920 4921 4922 4922 4923 4920 4924 4925 4926 4926 4927 4924 4928 4926 4925 4925 4929 4928 4930 4928 4929 4929 4931 4930 4930 4931 4932 4932 4933 4930 4933 4932 4934 4934 4935 4933 4936 4935 4934 4934 4937 4936 4938 4936 4937 4937 4939 4938 4940 4938 4939 4939 4941 4940 4942 4940 4941 4941 4943 4942 4944 4942 4943 4943 4945 4944 4927 4944 4945 4945 4924 4927 4946 4947 4948 4948 4949 4946 4950 4951 4952 4952 4953 4950 4954 4946 4949 4949 4955 4954 4956 4954 4955 4955 4957 4956 4958 4959 4960 4960 4961 4958 4962 4960 4959 4959 4963 4962 4964 4965 4966 4966 4967 4964 4968 4966 4965 4965 4969 4968 4970 4971 4972 4972 4973 4970 4974 4975 4976 4976 4977 4974 4978 4976 4975 4975 4979 4978 4980 4981 4982 4982 4983 4980 4984 4981 4980 4980 4985 4984 4986 4984 4985 4985 4987 4986 4986 4987 4988 4988 4989 4986 4990 4991 4992 4992 4993 4990 4994 4990 4993 4993 4995 4994 4996 4997 4998 4998 4999 4996 5000 4996 4999 4999 5001 5000 5002 5003 5004 5004 5005 5002 5004 5003 5006 5006 5007 5004 5008 5009 5010 5010 5011 5008 5012 5013 5014 5015 5016 5017 5016 5018 5017 5016 5019 5018 5016 5020 5019 5021 5022 5023 5018 5024 5017 5024 5025 5017 5015 5017 5026 5027 5028 5029 5029 5030 5027 5029 5028 5031 5031 5032 5029 5033 5034 5035 5035 5036 5033 5037 5033 5036 5036 5038 5037 5039 5037 5038 5038 5040 5039 5039 5040 5041 5041 5042 5039 5043 5044 5045 5045 5046 5043 5047 5043 5046 5046 5048 5047 5048 5046 5049 5049 5050 5048 5046 5045 5051 5051 5049 5046 5052 5044 5043 5043 5053 5052 5054 5053 5043 5043 5047 5054 5045 5055 5056 5056 5051 5045 5055 5057 5058 5058 5056 5055 5054 5047 5059 5059 5060 5054 5048 5050 5061 5061 5062 5048 5062 5059 5047 5047 5048 5062 5063 5060 5059 5059 5064 5063 5064 5059 5062 5065 5062 5061 5062 5065 5064 5061 5066 5065 5067 5068 5069 5069 5070 5067 5071 5070 5069 5069 5072 5071 5073 5071 5072 5072 5074 5073 5075 5073 5074 5074 5076 5075 5077 5076 5074 5074 5078 5077 5078 5074 5072 5072 5079 5078 5080 5079 5072 5072 5069 5080 5081 5080 5069 5069 5068 5081 5082 5083 5084 5084 5085 5082 5086 5087 5088 5088 5089 5086 5087 5086 5090 5090 5091 5087 5091 5090 5092 5092 5093 5091 5094 5093 5092 5092 5095 5094 5096 5094 5095 5095 5097 5096 5096 5097 5098 5098 5099 5096 5099 5098 5100 5100 5101 5099 5101 5100 5102 5102 5103 5101 5103 5102 5104 5104 5105 5103 5105 5104 5106 5106 5107 5105 5107 5106 5089 5089 5088 5107 5108 5109 5110 5110 5111 5108 5112 5113 5114 5114 5115 5112 5109 5108 5116 5116 5117 5109 5117 5116 5118 5118 5119 5117 5120 5121 5122 5122 5123 5120 5123 5122 5124 5124 5125 5123 5126 5127 5128 5128 5129 5126 5129 5128 5130 5130 5131 5129 5132 5133 5134 5134 5135 5132 5136 5137 5138 5138 5139 5136 5137 5136 5140 5140 5141 5137 5142 5143 5144 5144 5145 5142 5142 5145 5146 5146 5147 5142 5147 5146 5148 5148 5149 5147 5150 5149 5148 5148 5151 5150 5152 5153 5154 5154 5155 5152 5155 5154 5156 5156 5157 5155 5158 5159 5160 5160 5161 5158 5159 5158 5162 5162 5163 5159 5164 5165 5166 5166 5167 5164 5168 5167 5166 5166 5169 5168 5170 5171 5172 5172 5173 5170 5174 5175 5176 5177 5178 5179 5178 5180 5179 5177 5179 5181 5179 5182 5181 5183 5184 5185 5182 5186 5181 5177 5181 5187 5181 5188 5187 5189 5190 5191 5191 5192 5189 5193 5192 5191 5191 5194 5193 5195 5189 5192 5192 5196 5195 5196 5192 5193 5197 5195 5196 5196 5198 5197 5199 5198 5196 5196 5200 5199 5193 5200 5196 5201 5191 5190 5202 5203 5204 5191 5201 5205 5205 5194 5191 5193 5194 5206 5206 5194 5205 5206 5207 5193 5199 5200 5208 5193 5207 5208 5208 5200 5193 5208 5209 5199 5205 5210 5206 5211 5212 5213 5213 5214 5211 5211 5214 5215 5215 5216 5211 5217 5218 5219 5219 5220 5217 5221 5217 5220 5220 5222 5221 5223 5224 5225 5226 5227 5228 5228 5229 5226 5229 5219 5218 5218 5226 5229 5230 5228 5227 5227 5231 5230 5232 5233 5223 5223 5234 5232 5225 5234 5223 5235 5230 5231 5231 5236 5235 5237 5233 5232 5238 5235 5236 5236 5239 5238 5240 5241 5237 5237 5242 5240 5232 5242 5237 5243 5221 5222 5244 5245 5246 5247 5246 5245 5245 5248 5247 5249 5247 5248 5248 5250 5249 5249 5250 5251 5251 5252 5249 5253 5254 5255 5255 5256 5253 5257 5243 5258 5258 5259 5257 5259 5255 5254 5254 5257 5259 5222 5258 5243 5246 5260 5244 5215 5244 5260 5260 5216 5215 5261 5262 5263 5263 5264 5261 5265 5264 5263 5263 5266 5265 5267 5268 5269 5269 5270 5267 5270 5269 5271 5271 5272 5270 5265 5266 5273 5273 5274 5265 5275 5272 5271 5271 5276 5275 5277 5278 5279 5279 5280 5277 5281 5280 5279 5279 5282 5281 5283 5278 5277 5277 5284 5283 5285 5286 5287 5287 5288 5285 5289 5287 5286 5286 5290 5289 5291 5292 5293 5293 5294 5291 5295 5293 5292 5292 5296 5295 5294 5293 5297 5297 5298 5294 5293 5295 5299 5299 5297 5293 5300 5291 5294 5294 5301 5300 5301 5294 5298 5298 5302 5301 5303 5304 5305 5305 5306 5303 5307 5306 5305 5305 5308 5307 5309 5305 5304 5304 5310 5309 5311 5306 5307 5307 5312 5311 5313 5308 5305 5305 5309 5313 5314 5315 5316 5316 5317 5314 5318 5316 5315 5315 5319 5318 5320 5321 5322 5322 5323 5320 5324 5321 5320 5320 5325 5324 5326 5323 5322 5322 5327 5326 5328 5329 5330 5330 5331 5328 5332 5330 5329 5329 5333 5332 5334 5335 5336 5336 5337 5334 5338 5336 5335 5335 5339 5338 5340 5341 5342 5342 5343 5340 5344 5345 5346 5346 5347 5344 5348 5349 5350 5350 5351 5348 5352 5353 5354 5354 5355 5352 5356 5357 5358 5358 5359 5356 5360 5356 5359 5359 5361 5360 5362 5358 5357 5357 5363 5362 5364 5365 5366 5366 5367 5364 5368 5369 5370 5370 5371 5368 5372 5368 5371 5371 5373 5372 5374 5370 5369 5369 5375 5374 5376 5377 5378 5378 5379 5376 5380 5381 5382 5382 5383 5380 5381 5380 5384 5384 5385 5381 5386 5380 5383 5383 5387 5386 5388 5384 5380 5380 5386 5388 5388 5386 5389 5389 5390 5388 5391 5392 5393 5393 5394 5391 5395 5396 5397 5397 5398 5395 5399 5400 5401 5401 5402 5399 5403 5399 5402 5402 5404 5403 5405 5403 5404 5404 5406 5405 5407 5405 5406 5406 5408 5407 5409 5401 5400 5400 5410 5409 5411 5409 5410 5410 5412 5411 5413 5411 5412 5412 5414 5413 5415 5416 5417 5417 5418 5415 5418 5417 5419 5419 5420 5418 5416 5415 5421 5421 5422 5416 5423 5424 5425 5425 5426 5423 5426 5425 5427 5427 5428 5426 5429 5430 5431 5431 5432 5429 5430 5429 5433 5433 5434 5430 5435 5436 5437 5435 5437 5438 5437 5439 5438 5435 5438 5440 5438 5441 5440 5435 5440 5442 5443 5444 5445 5445 5446 5443 5443 5446 5447 5447 5448 5443 5446 5445 5449 5449 5450 5446 5447 5446 5450 5450 5449 5451 5451 5452 5450 5450 5452 5453 5453 5454 5450 5450 5454 5447 5444 5443 5455 5456 5457 5458 5443 5448 5459 5459 5455 5443 5460 5448 5447 5459 5448 5460 5447 5461 5460 5462 5454 5453 5447 5454 5462 5462 5461 5447 5453 5463 5462 5460 5464 5459 5465 5466 5467 5467 5468 5465 5466 5465 5469 5469 5470 5466 5471 5472 5473 5473 5474 5471 5474 5473 5475 5475 5476 5474 5477 5478 5479 5480 5481 5482 5482 5483 5480 5472 5471 5483 5483 5482 5472 5481 5480 5484 5484 5485 5481 5486 5479 5487 5479 5486 5477 5487 5488 5486 5485 5484 5489 5489 5490 5485 5488 5487 5491 5490 5489 5492 5492 5493 5490 5491 5494 5495 5495 5496 5491 5491 5496 5488 5476 5475 5497 5498 5499 5500 5500 5501 5498 5499 5498 5502 5502 5503 5499 5503 5502 5504 5504 5505 5503 5506 5505 5504 5504 5507 5506 5508 5509 5510 5510 5511 5508 5512 5497 5513 5513 5514 5512 5509 5508 5514 5514 5513 5509 5497 5512 5476 5501 5500 5470 5470 5469 5501 5515 5516 5517 5517 5518 5515 5515 5518 5519 5519 5520 5515 5521 5522 5523 5523 5524 5521 5525 5526 5521 5521 5524 5525 5527 5520 5519 5519 5528 5527 5529 5530 5526 5526 5525 5529 5531 5532 5533 5533 5534 5531 5533 5532 5535 5535 5536 5533 5531 5534 5537 5537 5538 5531 5539 5540 5541 5541 5542 5539 5542 5541 5543 5543 5544 5542 5545 5546 5547 5547 5548 5545 5548 5547 5549 5549 5550 5548 5551 5547 5546 5546 5552 5551 5547 5551 5553 5553 5549 5547 5546 5545 5554 5554 5555 5546 5552 5546 5555 5555 5556 5552 5557 5558 5559 5559 5560 5557 5559 5558 5561 5561 5562 5559 5560 5559 5563 5563 5564 5560 5565 5563 5559 5559 5562 5565 5566 5567 5568 5568 5569 5566 5569 5568 5570 5570 5571 5569 5572 5573 5574 5574 5575 5572 5572 5575 5576 5576 5577 5572 5574 5573 5578 5578 5579 5574 5580 5581 5582 5582 5583 5580 5583 5582 5584 5584 5585 5583 5586 5587 5588 5588 5589 5586 5589 5588 5590 5590 5591 5589 5592 5593 5594 5594 5595 5592 5596 5597 5598 5598 5599 5596 5600 5601 5602 5602 5603 5600 5604 5605 5606 5606 5607 5604 5608 5609 5610 5610 5611 5608 5609 5608 5612 5612 5613 5609 5614 5611 5610 5610 5615 5614 5616 5617 5618 5618 5619 5616 5620 5621 5622 5622 5623 5620 5621 5620 5624 5624 5625 5621 5626 5623 5622 5622 5627 5626 5628 5629 5630 5630 5631 5628 5632 5633 5634 5634 5635 5632 5636 5632 5635 5635 5637 5636 5633 5632 5638 5638 5639 5633 5640 5638 5632 5632 5636 5640 5641 5642 5643 5643 5644 5641 5645 5646 5647 5647 5648 5645 5649 5650 5651 5651 5652 5649 5650 5649 5653 5653 5654 5650 5654 5653 5655 5655 5656 5654 5656 5655 5657 5657 5658 5656 5652 5651 5659 5659 5660 5652 5660 5659 5661 5661 5662 5660 5662 5661 5663 5663 5664 5662 5665 5666 5667 5667 5668 5665 5669 5667 5666 5666 5670 5669 5671 5665 5668 5668 5672 5671 5673 5674 5675 5675 5676 5673 5677 5675 5674 5674 5678 5677 5679 5680 5681 5681 5682 5679 5683 5679 5682 5682 5684 5683 5685 5686 5687 5685 5687 5688 5687 5689 5688 5687 5690 5689 5689 5691 5688 5685 5688 5692 5693 5694 5695 5695 5696 5693 5697 5693 5696 5696 5698 5697 5699 5697 5698 5698 5700 5699 5701 5699 5700 5700 5702 5701 5701 5702 5703 5703 5704 5701 5701 5704 5705 5706 5705 5704 5705 5706 5707 5708 5707 5706 5707 5708 5709 5709 5710 5707 5711 5710 5709 5709 5712 5711 5706 5713 5708 5713 5706 5714 5704 5714 5706 5714 5704 5703 5714 5715 5713 5715 5714 5716 5703 5716 5714 5716 5717 5715 5711 5718 5710 5711 5719 5718 5719 5720 5718 5720 5719 5721 5721 5722 5720 5723 5720 5722 5718 5720 5723 5722 5724 5723 5725 5723 5724 5723 5725 5718 5724 5726 5725 5727 5725 5726 5718 5725 5727 5726 5728 5727 5729 5727 5728 5728 5730 5729 5731 5730 5728 5728 5732 5731 5732 5728 5726 5733 5731 5732 5732 5734 5733 5733 5734 5735 5735 5736 5733 5726 5737 5732 5737 5726 5724 5724 5738 5737 5737 5738 5739 5739 5740 5737 5732 5737 5740 5740 5734 5732 5740 5739 5741 5741 5742 5740 5742 5735 5734 5734 5740 5742 5743 5742 5741 5735 5742 5743 5741 5744 5743 5745 5743 5744 5744 5746 5745 5745 5746 5747 5747 5748 5745 5745 5748 5749 5749 5750 5745 5743 5745 5750 5750 5751 5743 5743 5751 5735 5735 5751 5752 5752 5736 5735 5753 5752 5751 5751 5750 5753 5750 5749 5754 5754 5753 5750 5736 5752 5755 5755 5694 5736 5756 5755 5752 5752 5753 5756 5753 5754 5757 5757 5756 5753 5758 5756 5757 5755 5756 5758 5757 5759 5758 5759 5757 5760 5760 5757 5754 5760 5761 5759 5762 5761 5760 5760 5763 5762 5736 5694 5693 5693 5733 5736 5733 5693 5697 5697 5731 5733 5730 5731 5697 5697 5699 5730 5730 5699 5701 5701 5729 5730 5705 5729 5701 5727 5729 5705 5705 5764 5727 5727 5764 5718 5710 5718 5764 5764 5707 5710 5707 5764 5705 5765 5766 5763 5766 5765 5767 5767 5768 5766 5768 5767 5769 5769 5770 5768 5771 5770 5769 5769 5772 5771 5767 5765 5754 5754 5749 5767 5767 5749 5748 5748 5769 5767 5747 5772 5769 5769 5748 5747 5772 5747 5746 5746 5773 5772 5773 5746 5744 5744 5774 5773 5774 5744 5741 5741 5775 5774 5775 5741 5739 5739 5776 5775 5777 5776 5739 5739 5738 5777 5777 5738 5724 5724 5722 5777 5777 5722 5721 5778 5779 5780 5780 5781 5778 5782 5778 5781 5781 5783 5782 5783 5781 5784 5784 5781 5780 5784 5785 5783 5780 5786 5784 5786 5780 5787 5787 5780 5779 5787 5788 5786 5789 5788 5787 5787 5790 5789 5783 5785 5791 5791 5792 5783 5782 5783 5792 5793 5792 5791 5791 5794 5793 5795 5793 5794 5794 5796 5795 5797 5792 5793 5792 5797 5782 5793 5798 5797 5799 5798 5793 5793 5795 5799 5800 5790 5787 5787 5801 5800 5779 5801 5787 5802 5803 5804 5804 5805 5802 5806 5805 5804 5804 5807 5806 5806 5807 5808 5808 5809 5806 5805 5806 5810 5810 5811 5805 5811 5810 5812 5812 5813 5811 5811 5813 5814 5814 5815 5811 5815 5802 5805 5815 5805 5811 5806 5809 5816 5816 5810 5806 5812 5810 5816 5813 5817 5814 5817 5813 5812 5812 5818 5817 5819 5818 5812 5812 5820 5819 5816 5820 5812 5821 5809 5808 5808 5822 5821 5823 5821 5822 5822 5824 5823 5825 5816 5809 5809 5821 5825 5821 5823 5826 5826 5825 5821 5825 5826 5827 5827 5828 5825 5828 5820 5816 5816 5825 5828 5829 5819 5820 5820 5828 5829 5829 5828 5827 5824 5822 5830 5830 5822 5808 5808 5831 5830 5830 5832 5824 5833 5831 5808 5808 5807 5833 5834 5833 5807 5807 5804 5834 5834 5804 5803 5803 5835 5834 5835 5803 5836 5836 5803 5837 5838 5836 5837 5803 5802 5837 5802 5839 5837 5839 5802 5840 5841 5842 5843 5836 5844 5835 5844 5836 5838 5838 5845 5844 5846 5847 5848 5847 5846 5849 5849 5850 5847 5850 5849 5851 5850 5851 5852 5853 5854 5855 5852 5851 5856 5856 5857 5852 5858 5857 5856 5856 5859 5858 5860 5861 5862 5862 5863 5860 5864 5865 5866 5866 5867 5864 5861 5864 5867 5867 5862 5861 5865 5868 5869 5869 5866 5865 5870 5869 5868 5868 5871 5870 5872 5873 5874 5874 5875 5872 5874 5873 5876 5876 5877 5874 5877 5876 5878 5878 5879 5877 5879 5878 5880 5880 5881 5879 5881 5880 5882 5882 5883 5881 5884 5885 5886 5886 5887 5884 5887 5886 5888 5888 5889 5887 5889 5888 5890 5890 5891 5889 5884 5892 5885 5885 5892 5893 5893 5894 5885 5895 5894 5893 5896 5897 5898 5899 5900 5901 5901 5902 5899 5903 5896 5898 5904 5905 5906 5906 5907 5904 5906 5905 5908 5908 5909 5906 5908 5910 5909 5908 5911 5910 5910 5912 5909 5913 5914 5915 5915 5916 5913 5917 5915 5914 5914 5918 5917 5919 5920 5921 5921 5922 5919 5919 5922 5923 5923 5924 5919 5925 5924 5923 5923 5926 5925 5927 5925 5926 5926 5928 5927 5927 5928 5929 5929 5930 5927 5931 5932 5933 5934 5931 5933 5935 5934 5933 5936 5937 5938 5938 5939 5936 5940 5932 5931 5931 5941 5940 5942 5940 5941 5941 5943 5942 5944 5942 5943 5943 5945 5944 5946 5944 5945 5945 5947 5946 5948 5949 5950 5950 5951 5948 5951 5950 5952 5952 5953 5951 5953 5952 5954 5954 5955 5953 5956 5949 5948 5948 5957 5956 5956 5957 5958 5958 5959 5956 5959 5958 5960 5960 5961 5959 5961 5960 5962 5963 5964 5965 5966 5967 5968 5968 5969 5966 5970 5969 5968 5968 5971 5970 5972 5967 5966 5966 5973 5972 5974 5972 5973 5973 5975 5974 5974 5975 5976 5976 5977 5974 5977 5976 5978 5978 5979 5977 5970 5971 5980 5980 5981 5970 5982 5983 5984 5984 5985 5982 5986 5985 5984 5987 5988 5989 5983 5982 5990 5990 5991 5983 5992 5991 5990 5990 5993 5992 5994 5992 5993 5993 5995 5994 5994 5995 5996 5996 5997 5994 5998 5997 5996 5996 5999 5998 5695 5694 5755 5755 6000 5695 5758 6000 5755 5763 5760 5765 5754 5765 5760 6001 6002 6003 6003 6004 6001 6004 6003 6005 6005 6006 6004 6006 6005 6007 6007 6008 6006 6008 6007 6009 6009 6010 6008 6011 6010 6009 6009 6012 6011 6013 6012 6009 6012 6013 6014 6015 6014 6013 6014 6015 6016 6017 6016 6015 6015 6018 6017 6019 6017 6018 6018 6020 6019 6016 6021 6014 6022 6014 6021 6014 6022 6012 6011 6012 6022 6021 6023 6022 6024 6022 6023 6022 6024 6011 6023 6025 6024 6020 6018 6026 6027 6020 6026 6028 6027 6026 6029 6027 6028 6028 6030 6029 6030 6028 6031 6031 6028 6026 6031 6032 6030 6032 6031 6033 6026 6033 6031 6033 6034 6032 6034 6033 6035 6035 6033 6026 6035 6036 6034 6036 6035 6037 6037 6038 6036 6036 6038 6039 6039 6040 6036 6034 6036 6040 6040 6039 6041 6041 6042 6040 6043 6042 6041 6041 6044 6043 6040 6045 6034 6032 6034 6045 6045 6046 6032 6047 6046 6045 6045 6048 6047 6048 6045 6040 6040 6042 6048 6049 6047 6048 6048 6050 6049 6042 6043 6050 6050 6048 6042 6049 6050 6051 6051 6050 6043 6051 6052 6049 6052 6051 6053 6053 6054 6052 6055 6054 6053 6053 6056 6055 6057 6056 6053 6053 6058 6057 6058 6053 6051 6051 6059 6058 6043 6059 6051 6060 6059 6043 6043 6044 6060 6059 6060 6061 6061 6058 6059 6058 6061 6062 6062 6057 6058 6063 6060 6044 6044 6002 6063 6060 6063 6064 6064 6061 6060 6061 6064 6065 6065 6062 6061 6065 6064 6066 6066 6064 6063 6066 6067 6065 6068 6065 6067 6062 6065 6068 6067 6069 6068 6068 6069 6070 6070 6071 6068 6003 6002 6044 6044 6041 6003 6005 6003 6041 6041 6039 6005 6005 6039 6038 6038 6007 6005 6009 6007 6038 6038 6037 6009 6009 6037 6013 6013 6037 6035 6035 6072 6013 6026 6072 6035 6072 6026 6018 6018 6015 6072 6013 6072 6015 6073 6068 6071 6068 6073 6062 6062 6073 6074 6074 6073 6075 6075 6076 6074 6077 6074 6076 6076 6078 6077 6079 6077 6078 6078 6080 6079 6074 6057 6062 6074 6077 6056 6056 6057 6074 6055 6056 6077 6077 6079 6055 6055 6079 6081 6081 6054 6055 6052 6054 6081 6081 6082 6052 6049 6052 6082 6082 6083 6049 6047 6049 6083 6083 6084 6047 6047 6084 6085 6085 6046 6047 6032 6046 6085 6085 6030 6032 6085 6029 6030 6086 6087 6088 6088 6089 6086 6089 6088 6090 6090 6091 6089 6092 6089 6091 6086 6089 6092 6091 6093 6092 6092 6094 6086 6095 6086 6094 6087 6086 6095 6094 6096 6095 6097 6095 6096 6096 6098 6097 6099 6093 6091 6091 6100 6099 6100 6091 6090 6099 6100 6101 6101 6102 6099 6102 6101 6103 6103 6104 6102 6101 6100 6105 6090 6105 6100 6105 6106 6101 6107 6103 6101 6101 6106 6107 6095 6097 6108 6108 6109 6095 6095 6109 6087 6110 6111 6112 6112 6113 6110 6110 6113 6114 6114 6115 6110 6116 6115 6114 6114 6117 6116 6118 6114 6113 6113 6119 6118 6120 6118 6119 6119 6121 6120 6122 6121 6119 6119 6123 6122 6123 6119 6113 6112 6123 6113 6124 6117 6114 6114 6118 6124 6124 6118 6120 6121 6122 6125 6120 6121 6125 6125 6126 6120 6120 6126 6127 6127 6128 6120 6120 6128 6124 6116 6117 6129 6129 6130 6116 6130 6129 6131 6131 6132 6130 6117 6124 6133 6133 6129 6117 6129 6133 6134 6134 6131 6129 6135 6134 6133 6133 6136 6135 6136 6133 6124 6124 6128 6136 6128 6127 6137 6137 6136 6128 6135 6136 6137 6138 6130 6132 6116 6130 6138 6138 6139 6116 6132 6140 6138 6116 6139 6141 6141 6115 6116 6115 6141 6142 6142 6110 6115 6111 6110 6142 6142 6143 6111 6144 6111 6143 6144 6145 6111 6145 6144 6146 6145 6112 6111 6145 6147 6112 6147 6148 6112 6149 6150 6151 6143 6152 6144 6146 6144 6152 6152 6153 6146 6154 6155 6156 6154 6156 6157 6157 6158 6154 6157 6159 6158 6157 6160 6159 6160 6161 6159 6162 6159 6161 6161 6163 6162 6162 6163 6164 6164 6165 6162 6166 6167 6168 6168 6169 6166 6170 6171 6172 6172 6173 6170 6173 6172 6167 6167 6166 6173 6174 6175 6171 6171 6170 6174 6176 6177 6175 6175 6174 6176 6178 6179 6180 6180 6181 6178 6182 6181 6180 6180 6183 6182 6184 6182 6183 6183 6185 6184 6186 6184 6185 6185 6187 6186 6188 6186 6187 6187 6189 6188 6190 6191 6192 6192 6193 6190 6194 6192 6191 6191 6195 6194 6196 6194 6195 6195 6197 6196 6190 6193 6198 6199 6198 6193 6193 6200 6199 6199 6200 6201 6202 6203 6204 6205 6206 6207 6207 6208 6205 6202 6209 6203 6210 6211 6212 6212 6213 6210 6214 6212 6211 6211 6215 6214 6215 6216 6214 6215 6217 6216 6216 6218 6214 6219 6220 6221 6221 6222 6219 6222 6221 6223 6223 6224 6222 6225 6226 6227 6227 6228 6225 6229 6226 6225 6225 6230 6229 6229 6230 6231 6231 6232 6229 6232 6231 6233 6233 6234 6232 6235 6234 6233 6233 6236 6235 6237 6238 6239 6237 6239 6240 6237 6240 6241 6242 6243 6244 6244 6245 6242 6239 6238 6246 6246 6247 6239 6247 6246 6248 6248 6249 6247 6249 6248 6250 6250 6251 6249 6252 6251 6250 6250 6253 6252 6254 6255 6256 6256 6257 6254 6258 6254 6257 6257 6259 6258 6260 6258 6259 6259 6261 6260 6256 6255 6262 6262 6263 6256 6264 6263 6262 6262 6265 6264 6266 6264 6265 6265 6267 6266 6268 6266 6267 6269 6270 6271 6272 6273 6274 6274 6275 6272 6272 6275 6276 6276 6277 6272 6274 6273 6278 6278 6279 6274 6279 6278 6280 6280 6281 6279 6282 6281 6280 6280 6283 6282 6284 6282 6283 6283 6285 6284 6286 6277 6276 6276 6287 6286 6288 6289 6290 6290 6291 6288 6288 6291 6292 6293 6294 6295 6296 6290 6289 6289 6297 6296 6296 6297 6298 6298 6299 6296 6299 6298 6300 6300 6301 6299 6302 6301 6300 6300 6303 6302 6302 6303 6304 6304 6305 6302 6063 6002 6001 6001 6306 6063 6063 6306 6066 6071 6075 6073 6307 6308 6309 6309 6310 6307 6307 6310 6311 6311 6312 6307 6313 6310 6309 6309 6314 6313 6315 6313 6314 6314 6316 6315 6315 6316 6317 6317 6318 6315 6309 6308 6319 6319 6320 6309 6320 6319 6321 6321 6322 6320 6323 6324 6325 6325 6326 6323 6326 6325 6327 6327 6328 6326 6326 6328 6329 6329 6330 6326 6331 6324 6323 6323 6332 6331 6333 6331 6332 6332 6334 6333 6333 6334 6335 6335 6336 6333 6336 6335 6337 6337 6338 6336 6338 6337 6339 6339 6340 6338 6341 6342 6343 6343 6344 6341 6345 6342 6341 6341 6346 6345 6345 6346 6347 6347 6348 6345 6344 6343 6349 6349 6350 6344 6351 6348 6347 6347 6352 6351 6353 6354 6355 6355 6356 6353 6357 6355 6354 6354 6358 6357 6359 6360 6361 6361 6362 6359 6363 6364 6365 6365 6366 6363 6363 6366 6367 6367 6368 6363 6369 6370 6371 6371 6372 6369 6373 6374 6375 6375 6376 6373 6377 6378 6379 6379 6380 6377 6377 6380 6381 6381 6382 6377 6383 6384 6385 6385 6386 6383 6387 6384 6383 6388 6389 6390 6391 6390 6389 6389 6392 6391 6391 6392 6393 6393 6394 6391 6395 6396 6397 6397 6398 6395 6399 6400 6401 6401 6402 6399 6402 6401 6403 6403 6404 6402 6405 6406 6407 6407 6408 6405 6349 6405 6408 6408 6350 6349 6409 6410 6406 6406 6405 6409 6411 6410 6409 6409 6412 6411 6413 6409 6405 6412 6409 6413 6405 6414 6413 6413 6415 6412 6416 6417 6418 6418 6419 6416 6420 6418 6417 6417 6421 6420 6422 6416 6419 6419 6423 6422 6424 6420 6421 6421 6425 6424 6425 6426 6424 6427 6422 6423 6423 6428 6427 6429 6430 6431 6431 6432 6429 6433 6431 6430 6430 6434 6433 6435 6429 6432 6432 6436 6435 6437 6433 6434 6434 6438 6437 6439 6435 6436 6436 6440 6439 6441 6442 6443 6443 6444 6441 6445 6446 6447 6447 6448 6445 6446 6445 6449 6449 6450 6446 6448 6447 6451 6451 6452 6448 6453 6450 6449 6449 6454 6453 6455 6453 6454 6454 6456 6455 6457 6452 6451 6451 6458 6457 6459 6460 6461 6461 6462 6459 6463 6464 6465 6466 6463 6465 6467 6468 6469 6470 6471 6472 6472 6473 6470 6472 6471 6474 6474 6475 6472 6476 6477 6478 6478 6479 6476 6480 6477 6476 6476 6481 6480 6478 6477 6482 6482 6483 6478 6483 6482 6484 6484 6485 6483 6486 6485 6484 6484 6487 6486 6488 6479 6478 6478 6489 6488 6490 6488 6489 6489 6491 6490 6492 6493 6494 6494 6495 6492 6496 6494 6493 6493 6497 6496 6498 6497 6493 6493 6499 6498 6492 6495 6500 6500 6501 6492 6501 6500 6502 6502 6503 6501 6504 6503 6502 6502 6505 6504 6506 6504 6505 6505 6507 6506 6508 6506 6507 6507 6509 6508 6510 6511 6512 6512 6513 6510 6512 6511 6514 6514 6515 6512 6516 6515 6514 6514 6517 6516 6518 6510 6513 6513 6519 6518 6516 6517 6520 6520 6521 6516 6522 6523 6524 6524 6525 6522 6525 6524 6526 6526 6527 6525 6528 6529 6530 6530 6531 6528 6532 6533 6534 6534 6535 6532 6535 6534 6536 6536 6537 6535 6538 6539 6540 6540 6541 6538 6542 6543 6544 6544 6545 6542 6546 6547 6548 6548 6549 6546 6549 6548 6550 6550 6551 6549 6552 6553 6554 6554 6555 6552 6555 6554 6556 6557 6558 6559 6558 6557 6560 6560 6561 6558 6561 6560 6562 6562 6563 6561 6564 6565 6566 6566 6567 6564 6568 6569 6570 6570 6571 6568 6571 6570 6572 6572 6573 6571 6574 6575 6576 6576 6577 6574 6575 6574 6518 6518 6519 6575 6578 6574 6577 6577 6579 6578 6578 6579 6580 6580 6581 6578 6574 6578 6582 6582 6578 6581 6582 6583 6574 6581 6584 6582 6585 6586 6587 6587 6588 6585 6588 6587 6589 6589 6590 6588 6586 6585 6591 6591 6592 6586 6590 6589 6593 6593 6594 6590 6594 6593 6595 6592 6591 6596 6596 6597 6592 6598 6599 6600 6600 6601 6598 6601 6600 6602 6602 6603 6601 6599 6598 6604 6604 6605 6599 6603 6602 6606 6606 6607 6603 6605 6604 6608 6608 6609 6605 6610 6611 6612 6612 6613 6610 6614 6615 6616 6616 6617 6614 6617 6616 6618 6618 6619 6617 6615 6614 6620 6620 6621 6615 6619 6618 6622 6622 6623 6619 6623 6622 6624 6624 6625 6623 6621 6620 6626 6626 6627 6621 6628 6629 6630 6630 6631 6628 6632 6633 6634 6635 6636 6637 6636 6638 6637 6639 6640 6641 6641 6642 6639 6642 6641 6643 6643 6644 6642 6645 6646 6647 6647 6648 6645 6649 6646 6645 6645 6650 6649 6649 6650 6651 6651 6652 6649 6653 6652 6651 6651 6654 6653 6653 6654 6655 6655 6656 6653 6657 6656 6655 6655 6658 6657 6657 6658 6659 6659 6660 6657 6661 6660 6659 6659 6662 6661 6661 6662 6663 6663 6664 6661 6665 6664 6663 6663 6666 6665 6665 6666 6667 6667 6668 6665 6669 6670 6671 6671 6672 6669 6671 6670 6673 6673 6674 6671 6675 6674 6673 6673 6676 6675 6675 6676 6677 6677 6678 6675 6678 6677 6648 6648 6647 6678 6679 6680 6681 6681 6682 6679 6683 6679 6682 6682 6684 6683 6685 6683 6684 6684 6686 6685 6687 6685 6686 6686 6688 6687 6689 6687 6688 6688 6690 6689 6691 6689 6690 6690 6692 6691 6693 6691 6692 6692 6694 6693 6695 6681 6680 6680 6696 6695 6697 6695 6696 6696 6698 6697 6699 6697 6698 6698 6700 6699 6701 6699 6700 6700 6702 6701 6703 6701 6702 6702 6704 6703 6705 6703 6704 6704 6706 6705 6707 6705 6706 6706 6708 6707 6709 6707 6708 6708 6710 6709 6711 6709 6710 6710 6712 6711 6713 6714 6715 6715 6716 6713 6717 6716 6715 6715 6718 6717 6717 6718 6719 6719 6720 6717 6721 6720 6719 6719 6722 6721 6721 6722 6723 6723 6724 6721 6725 6724 6723 6723 6726 6725 6725 6726 6727 6727 6728 6725 6714 6713 6729 6729 6730 6714 6730 6729 6731 6731 6732 6730 6733 6732 6731 6731 6734 6733 6733 6734 6735 6735 6736 6733 6737 6736 6735 6735 6738 6737 6737 6738 6739 6739 6740 6737 6741 6740 6739 6739 6742 6741 6741 6742 6743 6743 6744 6741 6745 6744 6743 6743 6746 6745 6747 6748 6749 6749 6750 6747 6751 6748 6747 6747 6752 6751 6751 6752 6753 6753 6754 6751 6755 6754 6753 6753 6756 6755 6755 6756 6757 6757 6758 6755 6759 6758 6757 6757 6760 6759 6759 6760 6761 6761 6762 6759 6763 6762 6761 6761 6764 6763 6763 6764 6765 6765 6766 6763 6767 6766 6765 6765 6768 6767 6767 6768 6769 6769 6770 6767 6771 6772 6773 6773 6774 6771 6771 6774 6775 6775 6776 6771 6777 6776 6775 6775 6778 6777 6777 6778 6779 6779 6780 6777 6780 6779 6750 6750 6749 6780 6781 6782 6783 6783 6784 6781 6785 6781 6784 6784 6786 6785 6787 6785 6786 6786 6788 6787 6789 6787 6788 6788 6790 6789 6791 6789 6790 6790 6792 6791 6793 6791 6792 6792 6794 6793 6795 6793 6794 6794 6796 6795 6797 6783 6782 6782 6798 6797 6799 6797 6798 6798 6800 6799 6801 6799 6800 6800 6802 6801 6803 6801 6802 6802 6804 6803 6805 6803 6804 6804 6806 6805 6807 6805 6806 6806 6808 6807 6809 6807 6808 6808 6810 6809 6811 6809 6810 6810 6812 6811 6813 6811 6812 6812 6814 6813 6815 6816 6817 6818 6816 6815 6817 6819 6815 6820 6821 6822 6817 6821 6820 6820 6819 6817 6822 6823 6820 6815 6824 6818 6822 6825 6826 6826 6823 6822 6826 6825 6827 6827 6828 6826 6829 6828 6827 6827 6830 6829 6829 6830 6831 6831 6832 6829 6832 6831 6833 6833 6834 6832 6834 6833 6835 6835 6836 6834 6837 6836 6835 6835 6838 6837 6837 6838 6839 6839 6840 6837 6841 6840 6839 6839 6842 6841 6841 6842 6843 6843 6844 6841 6845 6844 6843 6843 6846 6845 6845 6846 6847 6847 6848 6845 6849 6850 6851 6851 6852 6849 6853 6850 6849 6849 6854 6853 6853 6854 6855 6855 6856 6853 6857 6856 6855 6855 6858 6857 6857 6858 6859 6859 6860 6857 6861 6860 6859 6859 6862 6861 6861 6862 6863 6863 6864 6861 6865 6864 6863 6863 6866 6865 6865 6866 6867 6867 6868 6865 6869 6870 6871 6871 6872 6869 6871 6870 6873 6873 6874 6871 6875 6874 6873 6873 6876 6875 6875 6876 6877 6877 6878 6875 6879 6878 6877 6877 6880 6879 6879 6880 6881 6881 6882 6879 6882 6881 6852 6852 6851 6882 6883 6884 6885 6885 6886 6883 6887 6883 6886 6886 6888 6887 6889 6887 6888 6888 6890 6889 6891 6889 6890 6890 6892 6891 6893 6891 6892 6892 6894 6893 6895 6893 6894 6894 6896 6895 6897 6895 6896 6896 6898 6897 6899 6897 6898 6898 6900 6899 6901 6899 6900 6900 6902 6901 6903 6901 6902 6902 6904 6903 6905 6903 6904 6904 6906 6905 6907 6905 6906 6906 6908 6907 6909 6907 6908 6908 6910 6909 6911 6909 6910 6910 6912 6911 6913 6911 6912 6912 6914 6913 6884 6913 6914 6914 6885 6884 6915 6916 6917 6917 6918 6915 6919 6916 6915 6915 6920 6919 6919 6920 6921 6921 6922 6919 6923 6922 6921 6921 6924 6923 6923 6924 6925 6925 6926 6923 6927 6926 6925 6925 6928 6927 6927 6928 6929 6929 6930 6927 6931 6930 6929 6929 6932 6931 6931 6932 6933 6933 6934 6931 6935 6936 6937 6937 6938 6935 6937 6936 6939 6939 6940 6937 6941 6940 6939 6939 6942 6941 6941 6942 6943 6943 6944 6941 6945 6944 6943 6943 6946 6945 6945 6946 6947 6947 6948 6945 6948 6947 6918 6918 6917 6948 6949 6950 6951 6951 6952 6949 6953 6950 6949 6949 6954 6953 6953 6954 6955 6955 6956 6953 6957 6956 6955 6955 6958 6957 6957 6958 6959 6959 6960 6957 6961 6960 6959 6959 6962 6961 6961 6962 6963 6963 6964 6961 6965 6964 6963 6963 6966 6965 6965 6966 6967 6967 6968 6965 6969 6970 6971 6971 6972 6969 6971 6970 6973 6973 6974 6971 6975 6974 6973 6973 6976 6975 6975 6976 6977 6977 6978 6975 6979 6978 6977 6977 6980 6979 6979 6980 6981 6981 6982 6979 6982 6981 6952 6952 6951 6982 6983 6984 6985 6985 6986 6983 6987 6984 6983 6983 6988 6987 6987 6988 6989 6989 6990 6987 6991 6990 6989 6989 6992 6991 6991 6992 6993 6993 6994 6991 6995 6994 6993 6993 6996 6995 6995 6996 6997 6997 6998 6995 6999 6998 6997 6997 7000 6999 6999 7000 7001 7001 7002 6999 7003 7004 7005 7005 7006 7003 7005 7004 7007 7007 7008 7005 7009 7008 7007 7007 7010 7009 7009 7010 7011 7011 7012 7009 7013 7012 7011 7011 7014 7013 7013 7014 7015 7015 7016 7013 7016 7015 6986 6986 6985 7016 7017 7018 7019 7019 7020 7017 7021 7020 7019 7019 7022 7021 7021 7022 7023 7023 7024 7021 7025 7024 7023 7023 7026 7025 7025 7026 7027 7027 7028 7025 7029 7028 7027 7027 7030 7029 7029 7030 7031 7031 7032 7029 7033 7032 7031 7031 7034 7033 7033 7034 7035 7035 7036 7033 7037 7038 7039 7039 7040 7037 7039 7038 7041 7041 7042 7039 7043 7042 7041 7041 7044 7043 7043 7044 7045 7045 7046 7043 7047 7046 7045 7045 7048 7047 7047 7048 7049 7049 7050 7047 7050 7049 7018 7018 7017 7050 7051 7052 7053 7053 7054 7051 7055 7053 7052 7052 7056 7055 7057 7055 7056 7056 7058 7057 7059 7057 7058 7058 7060 7059 7061 7059 7060 7060 7062 7061 7063 7061 7062 7062 7064 7063 7065 7063 7064 7064 7066 7065 7067 7065 7066 7066 7068 7067 7069 7067 7068 7068 7070 7069 7071 7072 7073 7073 7074 7071 7075 7073 7072 7072 7076 7075 7077 7075 7076 7076 7078 7077 7079 7077 7078 7078 7080 7079 7081 7079 7080 7080 7082 7081 7083 7081 7082 7082 7084 7083 7054 7083 7084 7084 7051 7054 7085 7086 7087 7087 7088 7085 7089 7087 7086 7086 7090 7089 7091 7089 7090 7090 7092 7091 7093 7091 7092 7092 7094 7093 7095 7093 7094 7094 7096 7095 7097 7095 7096 7096 7098 7097 7099 7097 7098 7098 7100 7099 7101 7099 7100 7100 7102 7101 7103 7101 7102 7102 7104 7103 7105 7106 7107 7107 7108 7105 7109 7107 7106 7106 7110 7109 7111 7109 7110 7110 7112 7111 7113 7111 7112 7112 7114 7113 7115 7113 7114 7114 7116 7115 7117 7115 7116 7116 7118 7117 7088 7117 7118 7118 7085 7088 7119 7120 7121 7121 7122 7119 7123 7121 7120 7120 7124 7123 7125 7123 7124 7124 7126 7125 7127 7125 7126 7126 7128 7127 7129 7127 7128 7128 7130 7129 7131 7129 7130 7130 7132 7131 7133 7131 7132 7132 7134 7133 7135 7133 7134 7134 7136 7135 7137 7135 7136 7136 7138 7137 7139 7140 7141 7141 7142 7139 7143 7141 7140 7140 7144 7143 7145 7143 7144 7144 7146 7145 7147 7145 7146 7146 7148 7147 7149 7147 7148 7148 7150 7149 7151 7149 7150 7150 7152 7151 7122 7151 7152 7152 7119 7122 7153 7154 7155 7155 7156 7153 7157 7155 7154 7154 7158 7157 7159 7157 7158 7158 7160 7159 7161 7159 7160 7160 7162 7161 7163 7161 7162 7162 7164 7163 7165 7163 7164 7164 7166 7165 7167 7165 7166 7166 7168 7167 7169 7167 7168 7168 7170 7169 7171 7169 7170 7170 7172 7171 7173 7174 7175 7175 7176 7173 7177 7175 7174 7174 7178 7177 7179 7177 7178 7178 7180 7179 7181 7179 7180 7180 7182 7181 7183 7181 7182 7182 7184 7183 7185 7183 7184 7184 7186 7185 7156 7185 7186 7186 7153 7156 7187 7188 7189 7189 7190 7187 7191 7190 7189 7189 7192 7191 7191 7192 7193 7193 7194 7191 7195 7194 7193 7193 7196 7195 7195 7196 7197 7197 7198 7195 7199 7198 7197 7197 7200 7199 7199 7200 7201 7201 7202 7199 7203 7202 7201 7201 7204 7203 7203 7204 7205 7205 7206 7203 7207 7208 7209 7209 7210 7207 7209 7208 7211 7211 7212 7209 7213 7212 7211 7211 7214 7213 7213 7214 7215 7215 7216 7213 7217 7216 7215 7215 7218 7217 7217 7218 7219 7219 7220 7217 7220 7219 7188 7188 7187 7220 7221 7222 7223 7223 7224 7221 7224 7223 7225 7225 7226 7224 7226 7225 7227 7227 7228 7226 7228 7227 7229 7229 7230 7228 7230 7229 7231 7231 7232 7230 7232 7231 7233 7233 7234 7232 7234 7233 7235 7235 7236 7234 7236 7235 7237 7237 7238 7236 7238 7237 7239 7239 7240 7238 7241 7242 7243 7243 7244 7241 7242 7241 7245 7245 7246 7242 7246 7245 7247 7247 7248 7246 7248 7247 7249 7249 7250 7248 7250 7249 7251 7251 7252 7250 7252 7251 7253 7253 7254 7252 7254 7253 7222 7222 7221 7254 7255 7256 7257 7257 7258 7255 7259 7257 7256 7256 7260 7259 7261 7259 7260 7260 7262 7261 7263 7261 7262 7262 7264 7263 7265 7263 7264 7264 7266 7265 7267 7265 7266 7266 7268 7267 7269 7267 7268 7268 7270 7269 7271 7269 7270 7270 7272 7271 7273 7271 7272 7272 7274 7273 7275 7273 7274 7274 7276 7275 7277 7275 7276 7276 7278 7277 7279 7277 7278 7278 7280 7279 7281 7279 7280 7280 7282 7281 7283 7281 7282 7282 7284 7283 7285 7283 7284 7284 7286 7285 7258 7285 7286 7286 7255 7258 7287 7288 7289 7289 7290 7287 7290 7289 7291 7291 7292 7290 7292 7291 7293 7293 7294 7292 7294 7293 7295 7295 7296 7294 7296 7295 7297 7297 7298 7296 7298 7297 7299 7299 7300 7298 7300 7299 7301 7301 7302 7300 7302 7301 7303 7303 7304 7302 7304 7303 7305 7305 7306 7304 7307 7308 7309 7309 7310 7307 7310 7309 7311 7311 7312 7310 7312 7311 7313 7313 7314 7312 7315 7316 7317 7317 7318 7315 7316 7315 7319 7319 7320 7316 7320 7319 7321 7321 7322 7320 7314 7313 7323 7324 7325 7288 7325 7324 7326 7326 7327 7325 7327 7326 7328 7328 7329 7327 7329 7328 7330 7330 7331 7329 7331 7330 7332 7332 7333 7331 7333 7332 7334 7334 7335 7333 7335 7334 7336 7336 7337 7335 7338 7339 7340 7340 7341 7338 7339 7338 7342 7342 7343 7339 7343 7342 7344 7344 7345 7343 7345 7344 7346 7346 7347 7345 7347 7346 7348 7348 7349 7347 7349 7348 7350 7350 7323 7349 7323 7350 7314 7288 7287 7324 7351 7352 7353 7353 7354 7351 7354 7353 7355 7355 7356 7354 7356 7355 7357 7357 7358 7356 7358 7357 7359 7359 7360 7358 7360 7359 7361 7361 7362 7360 7362 7361 7363 7363 7364 7362 7364 7363 7365 7365 7366 7364 7366 7365 7367 7367 7368 7366 7368 7367 7369 7369 7370 7368 7371 7372 7373 7373 7374 7371 7372 7371 7375 7375 7376 7372 7376 7375 7377 7377 7378 7376 7378 7377 7379 7379 7380 7378 7380 7379 7381 7381 7382 7380 7382 7381 7383 7383 7384 7382 7384 7383 7352 7352 7351 7384 7385 7386 7387 7387 7388 7385 7388 7387 7389 7389 7390 7388 7390 7389 7391 7391 7392 7390 7392 7391 7393 7393 7394 7392 7394 7393 7395 7395 7396 7394 7396 7395 7397 7397 7398 7396 7398 7397 7399 7399 7400 7398 7400 7399 7401 7401 7402 7400 7402 7401 7403 7403 7404 7402 7405 7406 7407 7407 7408 7405 7406 7405 7409 7409 7410 7406 7410 7409 7411 7411 7412 7410 7412 7411 7413 7413 7414 7412 7414 7413 7415 7415 7416 7414 7416 7415 7417 7417 7418 7416 7418 7417 7386 7386 7385 7418 7419 7420 7421 7421 7422 7419 7422 7421 7423 7423 7424 7422 7424 7423 7425 7425 7426 7424 7426 7425 7427 7427 7428 7426 7428 7427 7429 7429 7430 7428 7430 7429 7431 7431 7432 7430 7432 7431 7433 7433 7434 7432 7434 7433 7435 7435 7436 7434 7436 7435 7437 7437 7438 7436 7439 7440 7441 7441 7442 7439 7440 7439 7443 7443 7444 7440 7444 7443 7445 7445 7446 7444 7446 7445 7447 7447 7448 7446 7448 7447 7449 7449 7450 7448 7450 7449 7451 7451 7452 7450 7452 7451 7420 7420 7419 7452 7453 7454 7455 7455 7456 7453 7457 7455 7454 7454 7458 7457 7459 7457 7458 7458 7460 7459 7461 7459 7460 7460 7462 7461 7463 7461 7462 7462 7464 7463 7465 7463 7464 7464 7466 7465 7467 7465 7466 7466 7468 7467 7469 7467 7468 7468 7470 7469 7471 7469 7470 7470 7472 7471 7473 7474 7475 7475 7476 7473 7477 7475 7474 7474 7478 7477 7479 7477 7478 7478 7480 7479 7481 7479 7480 7480 7482 7481 7483 7481 7482 7482 7484 7483 7485 7483 7484 7484 7486 7485 7456 7485 7486 7486 7453 7456 7487 7488 7489 7489 7490 7487 7491 7489 7488 7488 7492 7491 7493 7491 7492 7492 7494 7493 7495 7493 7494 7494 7496 7495 7497 7495 7496 7496 7498 7497 7499 7497 7498 7498 7500 7499 7501 7499 7500 7500 7502 7501 7503 7501 7502 7502 7504 7503 7505 7503 7504 7504 7506 7505 7507 7508 7509 7509 7510 7507 7511 7509 7508 7508 7512 7511 7513 7511 7512 7512 7514 7513 7515 7513 7514 7514 7516 7515 7517 7515 7516 7516 7518 7517 7519 7517 7518 7518 7520 7519 7490 7519 7520 7520 7487 7490 7521 7522 7523 7523 7524 7521 7525 7523 7522 7522 7526 7525 7527 7525 7526 7526 7528 7527 7529 7527 7528 7528 7530 7529 7531 7529 7530 7530 7532 7531 7533 7531 7532 7532 7534 7533 7535 7533 7534 7534 7536 7535 7537 7535 7536 7536 7538 7537 7539 7537 7538 7538 7540 7539 7541 7542 7543 7543 7544 7541 7545 7543 7542 7542 7546 7545 7547 7545 7546 7546 7548 7547 7549 7547 7548 7548 7550 7549 7551 7549 7550 7550 7552 7551 7553 7551 7552 7552 7554 7553 7524 7553 7554 7554 7521 7524 7555 7556 7557 7557 7558 7555 7559 7557 7556 7556 7560 7559 7561 7559 7560 7560 7562 7561 7563 7561 7562 7562 7564 7563 7565 7563 7564 7564 7566 7565 7567 7565 7566 7566 7568 7567 7569 7567 7568 7568 7570 7569 7571 7569 7570 7570 7572 7571 7573 7571 7572 7572 7574 7573 7575 7576 7577 7577 7578 7575 7579 7577 7576 7576 7580 7579 7581 7579 7580 7580 7582 7581 7583 7581 7582 7582 7584 7583 7585 7583 7584 7584 7586 7585 7587 7585 7586 7586 7588 7587 7558 7587 7588 7588 7555 7558 7308 7307 7589 7589 7590 7308 7590 7589 7591 7591 7592 7590 7592 7591 7318 7318 7317 7592 7593 7594 7595 7595 7596 7593 7593 7596 7597 7597 7598 7593 7599 7598 7597 7597 7600 7599 7599 7600 7601 7601 7602 7599 7603 7602 7601 7601 7604 7603 7603 7604 7605 7605 7606 7603 7607 7606 7605 7605 7608 7607 7607 7608 7609 7609 7610 7607 7611 7610 7609 7609 7612 7611 7611 7612 7613 7613 7614 7611 7615 7614 7613 7613 7616 7615 7617 7618 7619 7619 7620 7617 7621 7620 7619 7619 7622 7621 7621 7622 7623 7623 7624 7621 7625 7624 7623 7623 7626 7625 7594 7625 7626 7626 7595 7594 7627 7628 7629 7629 7630 7627 7630 7629 7631 7631 7632 7630 7632 7631 7633 7633 7634 7632 7634 7633 7635 7635 7636 7634 7636 7635 7637 7637 7638 7636 7638 7637 7639 7639 7640 7638 7640 7639 7641 7641 7642 7640 7628 7627 7643 7643 7644 7628 7644 7643 7645 7645 7646 7644 7646 7645 7647 7647 7648 7646 7648 7647 7649 7649 7650 7648 7650 7649 7651 7651 7652 7650 7652 7651 7653 7653 7654 7652 7654 7653 7655 7655 7656 7654 7656 7655 7657 7657 7658 7656 7658 7657 7659 7659 7660 7658 7661 7662 7663 7663 7664 7661 7661 7664 7665 7665 7666 7661 7667 7666 7665 7665 7668 7667 7667 7668 7669 7669 7670 7667 7671 7670 7669 7669 7672 7671 7671 7672 7673 7673 7674 7671 7675 7674 7673 7673 7676 7675 7677 7663 7662 7662 7678 7677 7679 7677 7678 7678 7680 7679 7679 7680 7681 7681 7682 7679 7683 7682 7681 7681 7684 7683 7683 7684 7685 7685 7686 7683 7687 7686 7685 7685 7688 7687 7687 7688 7689 7689 7690 7687 7691 7690 7689 7689 7692 7691 7691 7692 7693 7693 7694 7691 7695 7696 7697 7697 7698 7695 7697 7696 7699 7699 7700 7697 7701 7700 7699 7699 7702 7701 7701 7702 7703 7703 7704 7701 7705 7704 7703 7703 7706 7705 7705 7706 7707 7707 7708 7705 7709 7708 7707 7707 7710 7709 7709 7710 7711 7711 7712 7709 7713 7712 7711 7711 7714 7713 7713 7714 7715 7715 7716 7713 7717 7716 7715 7715 7718 7717 7719 7720 7721 7721 7722 7719 7723 7722 7721 7721 7724 7723 7723 7724 7725 7725 7726 7723 7727 7726 7725 7725 7728 7727 7698 7727 7728 7728 7695 7698 7729 7730 7731 7731 7732 7729 7730 7729 7733 7733 7734 7730 7734 7733 7735 7735 7736 7734 7736 7735 7737 7737 7738 7736 7738 7737 7739 7739 7740 7738 7740 7739 7741 7741 7742 7740 7742 7741 7743 7743 7744 7742 7732 7731 7745 7745 7746 7732 7746 7745 7747 7747 7748 7746 7748 7747 7749 7749 7750 7748 7750 7749 7751 7751 7752 7750 7752 7751 7753 7753 7754 7752 7754 7753 7755 7755 7756 7754 7756 7755 7757 7757 7758 7756 7758 7757 7759 7759 7760 7758 7760 7759 7761 7761 7762 7760 7763 7764 7765 7765 7764 7766 7765 7767 7763 7768 7769 7770 7770 7769 7763 7763 7767 7770 7770 7771 7768 7766 7772 7765 7773 7774 7768 7768 7771 7773 7775 7774 7773 7773 7776 7775 7775 7776 7777 7777 7778 7775 7779 7778 7777 7777 7780 7779 7781 7779 7780 7780 7782 7781 7783 7781 7782 7782 7784 7783 7783 7784 7785 7785 7786 7783 7787 7786 7785 7785 7788 7787 7787 7788 7789 7789 7790 7787 7791 7790 7789 7789 7792 7791 7791 7792 7793 7793 7794 7791 7795 7794 7793 7793 7796 7795 7797 7798 7799 7799 7800 7797 7797 7800 7801 7801 7802 7797 7803 7802 7801 7801 7804 7803 7803 7804 7805 7805 7806 7803 7807 7806 7805 7805 7808 7807 7807 7808 7809 7809 7810 7807 7811 7810 7809 7809 7812 7811 7811 7812 7813 7813 7814 7811 7815 7814 7813 7813 7816 7815 7817 7818 7819 7819 7820 7817 7821 7820 7819 7819 7822 7821 7821 7822 7823 7823 7824 7821 7825 7824 7823 7823 7826 7825 7825 7826 7827 7827 7828 7825 7829 7828 7827 7827 7830 7829 7798 7829 7830 7830 7799 7798 7831 7832 7833 7833 7834 7831 7832 7831 7835 7835 7836 7832 7836 7835 7837 7837 7838 7836 7838 7837 7839 7839 7840 7838 7840 7839 7841 7841 7842 7840 7842 7841 7843 7843 7844 7842 7844 7843 7845 7845 7846 7844 7846 7845 7847 7847 7848 7846 7848 7847 7849 7849 7850 7848 7850 7849 7851 7851 7852 7850 7852 7851 7853 7853 7854 7852 7854 7853 7855 7855 7856 7854 7856 7855 7857 7857 7858 7856 7858 7857 7859 7859 7860 7858 7860 7859 7861 7861 7862 7860 7862 7861 7834 7834 7833 7862 7863 7864 7865 7865 7866 7863 7863 7866 7867 7867 7868 7863 7869 7868 7867 7867 7870 7869 7869 7870 7871 7871 7872 7869 7873 7872 7871 7871 7874 7873 7873 7874 7875 7875 7876 7873 7877 7876 7875 7875 7878 7877 7877 7878 7879 7879 7880 7877 7881 7880 7879 7879 7882 7881 7883 7884 7885 7885 7886 7883 7887 7886 7885 7885 7888 7887 7887 7888 7889 7889 7890 7887 7891 7890 7889 7889 7892 7891 7891 7892 7893 7893 7894 7891 7895 7894 7893 7893 7896 7895 7864 7895 7896 7896 7865 7864 7897 7898 7899 7899 7900 7897 7897 7900 7901 7901 7902 7897 7903 7902 7901 7901 7904 7903 7903 7904 7905 7905 7906 7903 7907 7906 7905 7905 7908 7907 7907 7908 7909 7909 7910 7907 7911 7910 7909 7909 7912 7911 7911 7912 7913 7913 7914 7911 7915 7914 7913 7913 7916 7915 7917 7918 7919 7919 7920 7917 7921 7920 7919 7919 7922 7921 7921 7922 7923 7923 7924 7921 7925 7924 7923 7923 7926 7925 7925 7926 7927 7927 7928 7925 7929 7928 7927 7927 7930 7929 7898 7929 7930 7930 7899 7898 7931 7932 7933 7933 7934 7931 7931 7934 7935 7935 7936 7931 7937 7936 7935 7935 7938 7937 7937 7938 7939 7939 7940 7937 7941 7940 7939 7939 7942 7941 7941 7942 7943 7943 7944 7941 7945 7944 7943 7943 7946 7945 7945 7946 7947 7947 7948 7945 7949 7948 7947 7947 7950 7949 7951 7952 7953 7953 7954 7951 7955 7954 7953 7953 7956 7955 7955 7956 7957 7957 7958 7955 7959 7958 7957 7957 7960 7959 7959 7960 7961 7961 7962 7959 7963 7962 7961 7961 7964 7963 7932 7963 7964 7964 7933 7932 7965 7966 7967 7967 7968 7965 7965 7968 7969 7969 7970 7965 7971 7970 7969 7969 7972 7971 7971 7972 7973 7973 7974 7971 7975 7974 7973 7973 7976 7975 7975 7976 7977 7977 7978 7975 7979 7978 7977 7977 7980 7979 7979 7980 7981 7981 7982 7979 7983 7982 7981 7981 7984 7983 7985 7986 7987 7987 7988 7985 7989 7986 7985 7985 7990 7989 7989 7990 7991 7991 7992 7989 7993 7992 7991 7991 7994 7993 7993 7994 7995 7995 7996 7993 7997 7996 7995 7995 7998 7997 7966 7997 7998 7998 7967 7966 7999 8000 8001 8001 8002 7999 8002 8001 8003 8003 8004 8002 8004 8003 8005 8005 8006 8004 8006 8005 8007 8007 8008 8006 8008 8007 8009 8009 8010 8008 8010 8009 8011 8011 8012 8010 8012 8011 8013 8013 8014 8012 8014 8013 8015 8015 8016 8014 8016 8015 8017 8017 8018 8016 8019 8020 8021 8021 8022 8019 8022 8021 8023 8023 8024 8022 8024 8023 8025 8025 8026 8024 8026 8025 8027 8027 8028 8026 8028 8027 8029 8029 8030 8028 8030 8029 8031 8031 8032 8030 8032 8031 8000 8000 7999 8032 8033 8034 8035 8035 8036 8033 8036 8035 8037 8037 8038 8036 8038 8037 8039 8039 8040 8038 8040 8039 8041 8041 8042 8040 8042 8041 8043 8043 8044 8042 8044 8043 8045 8045 8046 8044 8046 8045 8047 8047 8048 8046 8048 8047 8049 8049 8050 8048 8050 8049 8051 8051 8052 8050 8053 8054 8055 8055 8056 8053 8056 8055 8057 8057 8058 8056 8058 8057 8059 8059 8060 8058 8060 8059 8061 8061 8062 8060 8062 8061 8063 8063 8064 8062 8064 8063 8065 8065 8066 8064 8066 8065 8034 8034 8033 8066 8067 8068 8069 8069 8070 8067 8070 8069 8071 8071 8072 8070 8072 8071 8073 8073 8074 8072 8074 8073 8075 8075 8076 8074 8076 8075 8077 8077 8078 8076 8078 8077 8079 8079 8080 8078 8080 8079 8081 8081 8082 8080 8082 8081 8083 8083 8084 8082 8084 8083 8085 8085 8086 8084 8087 8088 8089 8089 8090 8087 8090 8089 8091 8091 8092 8090 8092 8091 8093 8093 8094 8092 8094 8093 8095 8095 8096 8094 8096 8095 8097 8097 8098 8096 8098 8097 8099 8099 8100 8098 8100 8099 8068 8068 8067 8100 8101 8102 8103 8103 8104 8101 8104 8103 8105 8105 8106 8104 8106 8105 8107 8107 8108 8106 8108 8107 8109 8109 8110 8108 8110 8109 8111 8111 8112 8110 8112 8111 8113 8113 8114 8112 8114 8113 8115 8115 8116 8114 8116 8115 8117 8117 8118 8116 8118 8117 8119 8119 8120 8118 8121 8122 8123 8123 8124 8121 8124 8123 8125 8125 8126 8124 8126 8125 8127 8127 8128 8126 8128 8127 8129 8129 8130 8128 8130 8129 8131 8131 8132 8130 8132 8131 8133 8133 8134 8132 8134 8133 8102 8102 8101 8134 8135 8136 8137 8137 8138 8135 8135 8138 8139 8139 8140 8135 8141 8140 8139 8139 8142 8141 8141 8142 8143 8143 8144 8141 8145 8144 8143 8143 8146 8145 8145 8146 8147 8147 8148 8145 8149 8148 8147 8147 8150 8149 8149 8150 8151 8151 8152 8149 8153 8152 8151 8151 8154 8153 8155 8156 8157 8157 8158 8155 8159 8156 8155 8155 8160 8159 8159 8160 8161 8161 8162 8159 8163 8162 8161 8161 8164 8163 8163 8164 8165 8165 8166 8163 8167 8166 8165 8165 8168 8167 8136 8167 8168 8168 8137 8136 8169 8170 8171 8171 8172 8169 8171 8170 8173 8173 8174 8171 8175 8174 8173 8173 8176 8175 8175 8176 8177 8177 8178 8175 8179 8178 8177 8177 8180 8179 8179 8180 8181 8181 8182 8179 8183 8182 8181 8181 8184 8183 8183 8184 8185 8185 8186 8183 8187 8186 8185 8185 8188 8187 8189 8190 8191 8191 8192 8189 8193 8192 8191 8191 8194 8193 8193 8194 8195 8195 8196 8193 8197 8196 8195 8195 8198 8197 8197 8198 8199 8199 8200 8197 8201 8200 8199 8199 8202 8201 8201 8202 8169 8169 8172 8201 8203 8204 8205 8205 8206 8203 8206 8205 8207 8207 8208 8206 8208 8207 8209 8209 8210 8208 8210 8209 8211 8211 8212 8210 8212 8211 8213 8213 8214 8212 8214 8213 8215 8215 8216 8214 8216 8215 8217 8217 8218 8216 8218 8217 8219 8219 8220 8218 8220 8219 8221 8221 8222 8220 8222 8221 8223 8223 8224 8222 8224 8223 8225 8225 8226 8224 8226 8225 8227 8227 8228 8226 8228 8227 8229 8229 8230 8228 8230 8229 8231 8231 8232 8230 8232 8231 8233 8233 8234 8232 8234 8233 8204 8204 8203 8234 8235 8236 8237 8237 8238 8235 8239 8237 8236 8236 8240 8239 8241 8239 8240 8240 8242 8241 8243 8241 8242 8242 8244 8243 8245 8243 8244 8244 8246 8245 8247 8245 8246 8246 8248 8247 8249 8247 8248 8248 8250 8249 8251 8249 8250 8250 8252 8251 8253 8251 8252 8252 8254 8253 8255 8256 8257 8258 8257 8256 8256 8259 8258 8259 8260 8261 8261 8258 8259 8262 8261 8260 8260 8263 8262 8263 8264 8265 8265 8262 8263 8266 8265 8264 8264 8267 8266 8267 8268 8269 8269 8266 8267 8257 8270 8255 8271 8255 8270 8270 8272 8271 8273 8271 8272 8272 8274 8273 8275 8273 8274 8238 8276 8277 8278 8277 8276 8276 8279 8278 8280 8278 8279 8279 8281 8280 8282 8280 8281 8281 8283 8282 8284 8282 8283 8283 8285 8284 8286 8284 8285 8285 8287 8286 8288 8286 8287 8287 8289 8288 8277 8235 8238 8290 8291 8292 8292 8293 8290 8291 8294 8295 8295 8292 8291 8296 8295 8294 8294 8297 8296 8297 8298 8299 8299 8296 8297 8300 8299 8298 8298 8301 8300 8302 8300 8301 8301 8275 8302 8274 8302 8275 8303 8304 8305 8305 8306 8303 8307 8305 8304 8304 8308 8307 8309 8307 8308 8308 8310 8309 8311 8309 8310 8310 8312 8311 8313 8311 8312 8312 8314 8313 8315 8313 8314 8314 8316 8315 8317 8315 8316 8316 8318 8317 8319 8317 8318 8318 8320 8319 8321 8319 8320 8320 8322 8321 8323 8324 8325 8325 8326 8323 8327 8323 8326 8326 8328 8327 8329 8327 8328 8328 8330 8329 8331 8329 8330 8330 8332 8331 8333 8331 8332 8332 8334 8333 8335 8333 8334 8334 8336 8335 8306 8335 8336 8336 8303 8306 8337 8338 8339 8339 8340 8337 8341 8339 8338 8338 8342 8341 8343 8341 8342 8342 8344 8343 8345 8343 8344 8344 8346 8345 8347 8345 8346 8346 8348 8347 8349 8347 8348 8348 8350 8349 8351 8349 8350 8350 8352 8351 8353 8351 8352 8352 8354 8353 8355 8353 8354 8354 8356 8355 8357 8358 8359 8359 8360 8357 8361 8357 8360 8360 8362 8361 8363 8361 8362 8362 8364 8363 8365 8363 8364 8364 8366 8365 8367 8365 8366 8366 8368 8367 8369 8367 8368 8368 8370 8369 8340 8369 8370 8370 8337 8340 8371 8372 8373 8373 8374 8371 8375 8373 8372 8372 8376 8375 8377 8375 8376 8376 8378 8377 8379 8377 8378 8378 8380 8379 8381 8379 8380 8380 8382 8381 8383 8381 8382 8382 8384 8383 8385 8383 8384 8384 8386 8385 8387 8385 8386 8386 8388 8387 8389 8387 8388 8388 8390 8389 8391 8392 8393 8393 8394 8391 8395 8391 8394 8394 8396 8395 8397 8395 8396 8396 8398 8397 8399 8397 8398 8398 8400 8399 8401 8399 8400 8400 8402 8401 8403 8401 8402 8402 8404 8403 8374 8403 8404 8404 8371 8374 8405 8406 8407 8407 8408 8405 8408 8407 8409 8409 8410 8408 8410 8409 8411 8411 8412 8410 8412 8411 8413 8413 8414 8412 8414 8413 8415 8415 8416 8414 8416 8415 8417 8417 8418 8416 8418 8417 8419 8419 8420 8418 8420 8419 8421 8421 8422 8420 8422 8421 8423 8423 8424 8422 8425 8426 8427 8427 8428 8425 8428 8427 8429 8429 8430 8428 8430 8429 8431 8431 8432 8430 8432 8431 8433 8433 8434 8432 8434 8433 8435 8435 8436 8434 8436 8435 8437 8437 8438 8436 8438 8437 8406 8406 8405 8438 8439 8440 8441 8441 8442 8439 8442 8441 8443 8443 8444 8442 8444 8443 8445 8445 8446 8444 8446 8445 8447 8447 8448 8446 8448 8447 8449 8449 8450 8448 8450 8449 8451 8451 8452 8450 8452 8451 8453 8453 8454 8452 8454 8453 8455 8455 8456 8454 8456 8455 8457 8457 8458 8456 8459 8460 8461 8461 8462 8459 8462 8461 8463 8463 8464 8462 8464 8463 8465 8465 8466 8464 8466 8465 8467 8467 8468 8466 8468 8467 8469 8469 8470 8468 8470 8469 8471 8471 8472 8470 8472 8471 8440 8440 8439 8472 8473 8474 8475 8475 8476 8473 8476 8475 8477 8477 8478 8476 8478 8477 8479 8479 8480 8478 8480 8479 8481 8481 8482 8480 8482 8481 8483 8483 8484 8482 8484 8483 8485 8485 8486 8484 8486 8485 8487 8487 8488 8486 8488 8487 8489 8489 8490 8488 8490 8489 8491 8491 8492 8490 8493 8494 8495 8495 8496 8493 8496 8495 8497 8497 8498 8496 8498 8497 8499 8499 8500 8498 8500 8499 8501 8501 8502 8500 8502 8501 8503 8503 8504 8502 8504 8503 8505 8505 8506 8504 8506 8505 8474 8474 8473 8506 8507 8508 8509 8509 8510 8507 8510 8509 8511 8511 8512 8510 8512 8511 8513 8513 8514 8512 8514 8513 8515 8515 8516 8514 8516 8515 8517 8517 8518 8516 8518 8517 8519 8519 8520 8518 8520 8519 8521 8521 8522 8520 8522 8521 8523 8523 8524 8522 8524 8523 8525 8525 8526 8524 8527 8528 8529 8529 8530 8527 8530 8529 8531 8531 8532 8530 8532 8531 8533 8533 8534 8532 8534 8533 8535 8535 8536 8534 8536 8535 8537 8537 8538 8536 8538 8537 8539 8539 8540 8538 8540 8539 8508 8508 8507 8540 8541 8542 8543 8543 8544 8541 8545 8546 8547 8547 8548 8545 8549 8547 8546 8546 8550 8549 8551 8549 8550 8550 8552 8551 8553 8551 8552 8552 8554 8553 8555 8553 8554 8554 8556 8555 8555 8556 8557 8557 8558 8555 8559 8558 8557 8557 8560 8559 8561 8562 8563 8563 8564 8561 8565 8561 8564 8564 8566 8565 8561 8565 8567 8567 8568 8561 8562 8561 8568 8568 8569 8562 8570 8565 8566 8566 8571 8570 8572 8570 8571 8571 8573 8572 8574 8570 8572 8574 8567 8565 8565 8570 8574 8572 8575 8574 8567 8574 8576 8576 8577 8567 8568 8567 8577 8577 8578 8568 8569 8568 8578 8578 8579 8569 8580 8576 8574 8574 8575 8580 8581 8572 8573 8575 8572 8581 8573 8582 8581 8583 8581 8582 8582 8584 8583 8585 8583 8584 8584 8586 8585 8587 8585 8586 8586 8588 8587 8585 8587 8589 8589 8590 8585 8591 8588 8586 8586 8592 8591 8593 8588 8591 8587 8588 8593 8591 8594 8593 8590 8589 8595 8595 8596 8590 8597 8589 8587 8587 8598 8597 8593 8598 8587 8599 8595 8589 8589 8597 8599 8590 8600 8585 8600 8601 8585 8590 8596 8602 8602 8600 8590 8601 8600 8602 8602 8603 8601 8604 8601 8603 8601 8604 8583 8581 8583 8604 8604 8605 8581 8605 8604 8606 8603 8606 8604 8606 8607 8605 8583 8585 8601 8581 8605 8575 8575 8605 8607 8607 8580 8575 8608 8609 8610 8610 8611 8608 8612 8608 8611 8611 8613 8612 8614 8610 8609 8609 8615 8614 8616 8614 8615 8615 8617 8616 8618 8616 8617 8617 8619 8618 8620 8618 8619 8619 8621 8620 8622 8620 8621 8621 8623 8622 8624 8622 8623 8623 8625 8624 8626 8624 8625 8625 8627 8626 8628 8629 8630 8630 8631 8628 8632 8629 8628 8628 8633 8632 8634 8632 8633 8633 8635 8634 8636 8634 8635 8635 8637 8636 8638 8636 8637 8637 8639 8638 8640 8638 8639 8641 8631 8630 8630 8642 8641 8643 8641 8642 8642 8644 8643 8645 8643 8644 8644 8646 8645 8647 8648 8649 8649 8650 8647 8651 8650 8649 8649 8652 8651 8653 8654 8655 8655 8656 8653 8657 8654 8653 8653 8658 8657 8659 8660 8661 8661 8662 8659 8663 8664 8665 8665 8666 8663 8663 8666 8667 8667 8668 8663 8668 8667 8669 8669 8670 8668 8670 8669 8671 8671 8672 8670 8672 8671 8673 8673 8674 8672 8675 8674 8673 8673 8676 8675 8677 8675 8676 8676 8678 8677 8679 8680 8681 8682 8681 8680 8682 8680 8683 8682 8683 8684 8685 8682 8684 8684 8686 8685 8685 8686 8687 8687 8688 8685 8688 8687 8689 8626 8627 8690 8691 8692 8693 8694 8692 8691 8691 8695 8694 8696 8697 8698 8698 8699 8696 8700 8701 8702 8702 8703 8700 8704 8705 8706 8706 8707 8704 8708 8709 8710 8710 8711 8708 8712 8713 8714 8714 8715 8712 8716 8717 8718 8718 8719 8716 8718 8717 8720 8720 8721 8718 8722 8723 8718 8718 8721 8722 8724 8725 8726 8726 8727 8724 8728 8725 8724 8724 8729 8728 8729 8724 8727 8727 8730 8729 8731 8732 8733 8733 8734 8731 8735 8736 8737 8737 8738 8735 8739 8736 8735 8735 8740 8739 8741 8742 8743 8743 8744 8741 8745 8738 8737 8737 8746 8745 8747 8741 8744 8744 8748 8747 8749 8750 8751 8751 8752 8749 8752 8751 8753 8753 8754 8752 8755 8756 8757 8757 8758 8755 8759 8757 8756 8756 8760 8759 8761 8759 8760 8760 8762 8761 8763 8761 8762 8762 8764 8763 8765 8763 8764 8764 8766 8765 8755 8758 8767 8767 8768 8755 8769 8768 8767 8767 8770 8769 8771 8769 8770 8770 8772 8771 8773 8771 8772 8772 8774 8773 8774 8765 8766 8766 8773 8774 8775 8745 8746 8746 8776 8775 8777 8778 8735 8735 8738 8777 8748 8779 8780 8780 8747 8748 8781 8782 8744 8744 8743 8781 8748 8744 8782 8782 8783 8748 8784 8785 8786 8786 8787 8784 8788 8786 8785 8785 8789 8788 8745 8775 8790 8790 8791 8745 8748 8792 8793 8793 8779 8748 8735 8794 8795 8795 8740 8735 8796 8797 8798 8798 8799 8796 8800 8801 8802 8802 8803 8800 8804 8805 8806 8806 8807 8804 8806 8805 8808 8808 8809 8806 8810 8809 8808 8808 8811 8810 8812 8813 8814 8814 8815 8812 8816 8817 8818 8818 8819 8816 8820 8821 8738 8738 8745 8820 8822 8823 8824 8824 8825 8822 8823 8822 8826 8826 8827 8823 8828 8829 8830 8830 8831 8828 8831 8830 8832 8832 8833 8831 8834 8835 8836 8836 8837 8834 8838 8839 8840 8840 8841 8838 8842 8843 8844 8844 8845 8842 8846 8847 8848 8848 8849 8846 8847 8846 8850 8850 8851 8847 8851 8850 8852 8852 8853 8851 8853 8852 8854 8854 8855 8853 8855 8854 8856 8856 8857 8855 8858 8857 8856 8856 8859 8858 8860 8858 8859 8859 8861 8860 8862 8863 8864 8864 8865 8862 8863 8862 8866 8866 8867 8863 8868 8866 8862 8862 8869 8868 8869 8862 8865 8865 8870 8869 8867 8866 8871 8871 8872 8867 8872 8871 8873 8873 8874 8872 8873 8871 8875 8875 8871 8866 8866 8868 8875 8875 8876 8873 8877 8875 8868 8868 8878 8877 8878 8868 8869 8869 8879 8878 8880 8879 8869 8869 8870 8880 8881 8876 8875 8875 8877 8881 8874 8873 8882 8882 8873 8876 8882 8883 8874 8883 8882 8884 8884 8885 8883 8885 8884 8886 8886 8887 8885 8887 8886 8888 8888 8889 8887 8890 8888 8886 8886 8891 8890 8887 8889 8892 8892 8893 8887 8892 8889 8894 8894 8889 8888 8894 8895 8892 8896 8890 8891 8891 8897 8896 8888 8890 8898 8898 8899 8888 8888 8899 8894 8900 8898 8890 8890 8896 8900 8891 8886 8901 8901 8886 8902 8902 8886 8884 8884 8903 8902 8903 8884 8882 8882 8904 8903 8905 8903 8904 8904 8906 8905 8876 8904 8882 8906 8904 8876 8876 8881 8906 8903 8905 8907 8907 8902 8903 8902 8907 8908 8908 8901 8902 8891 8901 8908 8908 8897 8891 8909 8910 8911 8911 8912 8909 8910 8909 8913 8913 8914 8910 8912 8911 8915 8915 8916 8912 8916 8915 8917 8917 8918 8916 8918 8917 8919 8919 8920 8918 8920 8919 8921 8921 8922 8920 8922 8921 8923 8923 8924 8922 8924 8923 8925 8925 8926 8924 8926 8925 8927 8927 8928 8926 8929 8930 8931 8931 8932 8929 8932 8931 8933 8933 8934 8932 8934 8933 8935 8935 8936 8934 8936 8935 8937 8937 8938 8936 8938 8937 8939 8939 8940 8938 8941 8940 8939 8930 8929 8942 8942 8943 8930 8943 8942 8944 8944 8945 8943 8945 8944 8946 8946 8947 8945 8948 8949 8950 8950 8951 8948 8950 8949 8952 8952 8953 8950 8954 8955 8956 8956 8957 8954 8957 8956 8958 8958 8959 8957 8960 8961 8962 8962 8963 8960 8964 8965 8966 8966 8967 8964 8965 8964 8968 8968 8969 8965 8969 8968 8970 8970 8971 8969 8971 8970 8972 8972 8973 8971 8973 8972 8974 8974 8975 8973 8975 8974 8976 8976 8977 8975 8977 8976 8978 8978 8979 8977 8980 8981 8982 8983 8981 8980 8983 8984 8981 8984 8985 8981 8984 8983 8986 8986 8987 8984 8988 8987 8986 8986 8989 8988 8990 8988 8989 8991 8992 8993 8928 8927 8994 8992 8991 8995 8995 8996 8992 8997 8998 8999 8999 9000 8997 9001 9002 9003 9003 9004 9001 9005 9006 9007 9007 9008 9005 9009 9010 9011 9011 9012 9009 9013 9014 9015 9015 9016 9013 9017 9018 9019 9019 9020 9017 9020 9019 9021 9021 9022 9020 9023 9021 9019 9019 9024 9023 9025 9026 9027 9027 9028 9025 9027 9026 9029 9029 9030 9027 9028 9027 9030 9030 9031 9028 9032 9033 9034 9034 9035 9032 9036 9037 9038 9038 9039 9036 9036 9039 9040 9040 9041 9036 9042 9043 9044 9044 9045 9042 9038 9037 9046 9046 9047 9038 9045 9044 9048 9048 9049 9045 9050 9051 9052 9052 9053 9050 9054 9052 9051 9051 9055 9054 9056 9057 9058 9058 9059 9056 9059 9058 9060 9060 9061 9059 9061 9060 9062 9062 9063 9061 9063 9062 9064 9064 9065 9063 9065 9064 9066 9066 9067 9065 9057 9056 9068 9068 9069 9057 9069 9068 9070 9070 9071 9069 9071 9070 9072 9072 9073 9071 9073 9072 9074 9074 9075 9073 9075 9074 9067 9067 9066 9075 9076 9077 9047 9047 9046 9076 9036 9078 9079 9079 9037 9036 9049 9048 9080 9080 9081 9049 9045 9082 9083 9083 9042 9045 9049 9084 9082 9082 9045 9049 9085 9086 9087 9087 9088 9085 9088 9087 9089 9089 9090 9088 9046 9091 9092 9092 9076 9046 9093 9094 9049 9049 9081 9093 9095 9096 9036 9036 9041 9095 9097 9098 9099 9099 9100 9097 9101 9102 9103 9103 9104 9101 9105 9106 9107 9107 9108 9105 9108 9107 9109 9109 9110 9108 9110 9109 9111 9111 9112 9110 9113 9114 9115 9115 9116 9113 9117 9118 9119 9119 9120 9117 9037 9121 9122 9122 9046 9037 9123 9124 9125 9125 9126 9123 9127 9128 9129 9129 9130 9127 9124 9131 9132 9132 9125 9124 9133 9134 9135 9135 9136 9133 9128 9137 9138 9138 9129 9128 9139 9140 9141 9141 9142 9139 9143 9144 9145 9145 9146 9143 9147 9148 9149 9149 9150 9147 9145 9144 9151 9151 9152 9145 9153 9154 9155 9155 9156 9153 9153 9156 9157 9157 9158 9153 9159 9160 9161 9161 9162 9159 9163 9164 9165 9165 9166 9163 9163 9166 9167 9167 9168 9163 9169 9170 9171 9171 9172 9169 9173 9174 9175 9175 9176 9173 9177 9178 9179 9179 9180 9177 9175 9174 9181 9181 9182 9175 9183 9184 9185 9185 9186 9183 9187 9188 9189 9189 9190 9187 9191 9183 9186 9186 9192 9191 9193 9194 9195 9195 9196 9193 9197 9198 9199 9199 9200 9197 9193 9196 9201 9201 9202 9193 9203 9182 9181 9181 9204 9203 9205 9202 9201 9201 9206 9205 9207 9191 9192 9192 9208 9207 9209 9152 9151 9151 9210 9209 9211 9212 9213 9213 9214 9211 9215 9216 9217 9217 9218 9215 9219 9220 9221 9221 9222 9219 9223 9224 9225 9225 9226 9223 9227 9222 9221 9221 9228 9227 9229 9230 9231 9231 9232 9229 9233 9230 9229 9229 9234 9233 9235 9236 9237 9237 9238 9235 9239 9240 9241 9241 9242 9239 9243 9240 9239 9239 9244 9243 9245 9246 9247 9247 9248 9245 9249 9250 9251 9251 9252 9249 9253 9254 9255 9255 9256 9253 9257 9252 9251 9251 9258 9257 9259 9260 9261 9261 9262 9259 9263 9264 9265 9265 9266 9263 9260 9259 9267 9267 9268 9260 9269 9270 9271 9271 9272 9269 9273 9274 9275 9275 9276 9273 9277 9270 9269 9269 9278 9277 9279 9280 9257 9257 9258 9279 9281 9282 9277 9277 9278 9281 9283 9284 9268 9268 9267 9283 9285 9286 9227 9227 9228 9285 9287 9288 9289 9289 9290 9287 9291 9292 9293 9293 9294 9291 9295 9296 9297 9297 9298 9295 9295 9298 9299 9299 9300 9295 9301 9302 9303 9303 9304 9301 9305 9306 9307 9307 9308 9305 9309 9310 9311 9311 9312 9309 9313 9312 9311 9311 9314 9313 9315 9313 9314 9314 9316 9315 9317 9315 9316 9316 9318 9317 9319 9317 9318 9318 9320 9319 9319 9320 9321 9321 9322 9319 9323 9322 9321 9321 9324 9323 9315 9317 9325 9325 9326 9315 9327 9325 9317 9317 9319 9327 9328 9329 9330 9330 9331 9328 9332 9333 9334 9334 9335 9332 9333 9332 9336 9336 9337 9333 9331 9330 9338 9339 9337 9336 9336 9340 9339 9338 9341 9331 9338 9342 9343 9343 9341 9338 9344 9345 9346 9346 9347 9344 9348 9349 9350 9350 9351 9348 9352 9353 9354 9354 9355 9352 9356 9357 9358 9358 9359 9356 9356 9359 9360 9360 9361 9356 9354 9362 9363 9363 9355 9354 9364 9365 9366 9366 9367 9364 9368 9364 9367 9367 9369 9368 9370 9371 9372 9372 9373 9370 9374 9370 9373 9373 9375 9374 9374 9375 9376 9376 9377 9374 9378 9374 9377 9377 9379 9378 9380 9381 9382 9382 9383 9380 9384 9385 9386 9386 9387 9384 9388 9389 9390 9390 9391 9388 9392 9393 9394 9394 9395 9392 9396 9393 9392 9392 9397 9396 9395 9394 9398 9398 9399 9395 9399 9398 9400 9400 9401 9399 9396 9397 9402 9402 9403 9396 9401 9400 9404 9404 9405 9401 9406 9405 9404 9404 9407 9406 9408 9409 9410 9410 9411 9408 9411 9410 9412 9412 9413 9411 9413 9412 9414 9414 9415 9413 9415 9414 9416 9416 9417 9415 9418 9417 9416 9416 9419 9418 9420 9421 9422 9422 9423 9420 9424 9425 9426 9426 9427 9424 9428 9425 9424 9424 9429 9428 9427 9426 9430 9430 9431 9427 9431 9430 9432 9432 9433 9431 9428 9429 9434 9434 9435 9428 9433 9432 9436 9436 9437 9433 9438 9437 9436 9436 9439 9438 9440 9441 9442 9442 9443 9440 9442 9441 9444 9444 9445 9442 9446 9445 9444 9444 9447 9446 9447 9444 9448 9448 9449 9447 9450 9448 9444 9444 9441 9450 9446 9447 9451 9451 9452 9446 9453 9452 9451 9451 9454 9453 9455 9456 9457 9457 9458 9455 9459 9460 9461 9461 9462 9459 9463 9459 9462 9462 9464 9463 9465 9463 9464 9464 9466 9465 9467 9465 9466 9466 9468 9467 9469 9467 9468 9468 9470 9469 9471 9469 9470 9470 9472 9471 9473 9471 9472 9472 9474 9473 9475 9473 9474 9474 9476 9475 9477 9475 9476 9476 9478 9477 9479 9477 9478 9478 9480 9479 9481 9479 9480 9480 9482 9481 9481 9482 9483 9483 9484 9481 9485 9484 9483 9483 9486 9485 9487 9488 9489 9489 9490 9487 9491 9490 9489 9489 9492 9491 9491 9492 9493 9493 9494 9491 9494 9493 9495 9495 9496 9494 9497 9496 9495 9495 9498 9497 9494 9496 9499 9499 9500 9494 9501 9499 9496 9496 9497 9501 9488 9487 9502 9503 9502 9487 9487 9504 9503 9505 9502 9503 9503 9506 9505 9502 9505 9507 9507 9508 9502 9502 9508 9488 9509 9505 9506 9506 9510 9509 9511 9509 9510 9510 9512 9511 9509 9511 9513 9513 9514 9509 9505 9509 9514 9514 9507 9505 9515 9511 9512 9512 9516 9515 9517 9515 9516 9516 9518 9517 9515 9517 9519 9520 9519 9517 9517 9521 9520 9521 9517 9518 9522 9520 9521 9521 9523 9522 9519 9524 9515 9511 9515 9524 9524 9513 9511 9518 9525 9521 9521 9525 9526 9526 9523 9521 9527 9528 9529 9529 9530 9527 9530 9529 9531 9531 9532 9530 9533 9534 9535 9535 9536 9533 9536 9535 9537 9537 9538 9536 9539 9540 9541 9541 9542 9539 9542 9541 9543 9543 9544 9542 9545 9544 9543 9543 9546 9545 9547 9541 9548 9548 9549 9547 9550 9547 9549 9551 9548 9541 9541 9540 9551 9549 9552 9550 9553 9554 9555 9555 9556 9553 9557 9558 9559 9559 9560 9557 9561 9562 9563 9563 9564 9561 9565 9566 9567 9567 9568 9565 9569 9570 9571 9571 9572 9569 9573 9572 9571 9571 9574 9573 9575 9576 9577 9577 9578 9575 9579 9577 9576 9576 9580 9579 9581 9573 9574 9574 9582 9581 9583 9581 9582 9582 9584 9583 9585 9583 9584 9584 9586 9585 9587 9585 9586 9586 9588 9587 9589 9587 9588 9588 9590 9589 9589 9590 9591 9591 9592 9589 9593 9594 9595 9595 9596 9593 9597 9593 9596 9598 9595 9594 9594 9599 9598 9600 9597 9601 9596 9601 9597 9601 9602 9600 9603 9600 9602 9602 9604 9603 9580 9603 9604 9604 9579 9580 9605 9606 9607 9607 9608 9605 9608 9607 9609 9609 9610 9608 9610 9609 9611 9612 9613 9614 9614 9615 9612 9616 9613 9612 9612 9617 9616 9615 9614 9618 9618 9619 9615 9619 9618 9620 9620 9621 9619 9621 9620 9622 9622 9623 9621 9623 9622 9624 9624 9625 9623 9626 9627 9628 9628 9629 9626 9629 9628 9630 9630 9631 9629 9616 9617 9632 9632 9633 9616 9634 9633 9632 9632 9635 9634 9636 9637 9638 9638 9639 9636 9640 9637 9636 9636 9641 9640 9639 9638 9642 9642 9643 9639 9643 9642 9644 9644 9645 9643 9645 9644 9646 9646 9647 9645 9647 9646 9648 9648 9649 9647 9649 9648 9650 9650 9651 9649 9651 9650 9652 9652 9653 9651 9640 9641 9654 9654 9655 9640 9656 9655 9654 9654 9657 9656 9658 9653 9652 9652 9659 9658 9660 9658 9659 9659 9661 9660 9662 9663 9664 9664 9665 9662 9666 9662 9665 9665 9667 9666 9668 9666 9667 9667 9669 9668 9670 9668 9669 9669 9671 9670 9672 9670 9671 9671 9673 9672 9674 9672 9673 9673 9675 9674 9676 9674 9675 9675 9677 9676 9678 9676 9677 9677 9679 9678 9678 9679 9680 9680 9681 9678 9681 9680 9682 9682 9683 9681 9684 9685 9664 9664 9663 9684 9686 9685 9684 9684 9687 9686 9688 9689 9690 9690 9691 9688 9692 9690 9689 9689 9693 9692 9690 9692 9694 9694 9695 9690 9696 9690 9695 9695 9697 9696 9690 9696 9698 9698 9699 9690 9700 9690 9699 9699 9701 9700 9690 9700 9702 9702 9703 9690 9691 9690 9703 9703 9704 9691 9705 9706 9707 9707 9708 9705 9709 9706 9705 9705 9710 9709 9708 9707 9711 9711 9712 9708 9712 9711 9713 9713 9714 9712 9709 9710 9715 9715 9716 9709 9717 9716 9715 9715 9718 9717 9714 9713 9719 9719 9720 9714 9721 9720 9719 9719 9722 9721 9723 9724 9725 9725 9726 9723 9727 9724 9723 9723 9728 9727 9729 9730 9731 9731 9732 9729 9733 9729 9732 9732 9734 9733 9735 9733 9734 9734 9736 9735 9737 9735 9736 9736 9738 9737 9739 9731 9730 9730 9740 9739 9741 9739 9740 9740 9742 9741 9743 9741 9742 9742 9744 9743 9745 9743 9744 9744 9746 9745 9747 9745 9746 9746 9748 9747 9749 9747 9748 9748 9750 9749 9751 9749 9750 9750 9752 9751 9753 9751 9752 9752 9754 9753 9755 9756 9757 9757 9758 9755 9759 9755 9758 9758 9760 9759 9761 9762 9763 9763 9764 9761 9765 9761 9764 9764 9766 9765 9767 9759 9760 9760 9768 9767 9769 9767 9768 9768 9770 9769 9771 9772 9773 9773 9774 9771 9774 9773 9775 9775 9776 9774 9777 9778 9779 9779 9780 9777 9781 9778 9777 9777 9782 9781 9783 9784 9785 9785 9786 9783 9787 9788 9789 9789 9790 9787 9791 9792 9793 9793 9794 9791 9793 9792 9795 9795 9796 9793 9796 9795 9797 9797 9798 9796 9798 9797 9799 9799 9800 9798 9800 9799 9801 9801 9802 9800 9803 9802 9801 9801 9804 9803 9803 9804 9805 9805 9806 9803 9807 9799 9797 9797 9808 9807 9799 9807 9809 9809 9801 9799 9810 9811 9812 9812 9813 9810 9814 9815 9816 9816 9817 9814 9818 9816 9815 9815 9819 9818 9820 9810 9813 9818 9819 9821 9821 9822 9818 9813 9823 9820 9824 9825 9820 9820 9823 9824 9826 9827 9828 9828 9829 9826 9830 9831 9832 9832 9833 9830 9834 9835 9836 9836 9837 9834 9838 9839 9840 9840 9841 9838 9842 9841 9840 9840 9843 9842 9836 9835 9844 9844 9845 9836 9846 9847 9848 9848 9849 9846 9849 9848 9850 9850 9851 9849 9852 9853 9854 9854 9855 9852 9855 9854 9856 9856 9857 9855 9858 9857 9856 9856 9859 9858 9859 9856 9860 9860 9861 9859 9862 9863 9864 9864 9865 9862 9866 9867 9868 9868 9869 9866 9870 9871 9872 9872 9873 9870 9874 9875 9876 9876 9877 9874 9874 9877 9878 9878 9879 9874 9880 9876 9875 9875 9881 9880 9882 9880 9881 9881 9883 9882 9884 9879 9878 9878 9885 9884 9886 9882 9883 9883 9887 9886 9886 9887 9888 9888 9889 9886 9890 9891 9892 9892 9893 9890 9894 9892 9891 9891 9895 9894 9896 9894 9895 9895 9897 9896 9898 9896 9897 9897 9899 9898 9898 9899 9900 9900 9901 9898 9902 9903 9904 9904 9905 9902 9906 9907 9908 9908 9909 9906 9906 9909 9910 9910 9911 9906 9912 9908 9907 9907 9913 9912 9914 9912 9913 9913 9915 9914 9916 9911 9910 9910 9917 9916 9918 9914 9915 9915 9919 9918 9918 9919 9920 9920 9921 9918 9922 9923 9924 9924 9925 9922 9926 9923 9922 9922 9927 9926 9926 9927 9928 9928 9929 9926 9930 9926 9929 9929 9931 9930 9932 9923 9926 9926 9930 9932 9933 9929 9928 9928 9934 9933 9933 9934 9935 9935 9936 9933 9937 9938 9939 9939 9940 9937 9941 9942 9943 9943 9944 9941 9942 9941 9945 9945 9946 9942 9946 9945 9947 9947 9948 9946 9948 9947 9949 9949 9950 9948 9950 9949 9951 9951 9952 9950 9952 9951 9953 9953 9954 9952 9954 9953 9955 9955 9956 9954 9956 9955 9957 9957 9958 9956 9958 9957 9959 9959 9960 9958 9960 9959 9961 9961 9962 9960 9962 9961 9963 9963 9964 9962 9965 9964 9963 9963 9966 9965 9965 9966 9967 9967 9968 9965 9969 9970 9971 9971 9972 9969 9969 9972 9973 9973 9974 9969 9975 9974 9973 9973 9976 9975 9977 9975 9976 9976 9978 9977 9979 9977 9978 9978 9980 9979 9981 9978 9976 9976 9982 9981 9983 9980 9978 9978 9981 9983 9984 9971 9970 9971 9984 9985 9985 9986 9971 9985 9984 9987 9987 9988 9985 9989 9987 9984 9984 9990 9989 9970 9990 9984 9988 9987 9991 9991 9992 9988 9992 9991 9993 9993 9994 9992 9995 9993 9991 9991 9996 9995 9996 9991 9987 9987 9989 9996 9994 9993 9997 9997 9998 9994 9998 9997 9999 9999 10000 9998 10001 9999 9997 9999 10001 10002 10002 10003 9999 10000 9999 10003 10003 10002 10004 10004 10005 10003 9997 10006 10001 10006 9997 9993 9993 9995 10006 10003 10007 10000 10003 10005 10008 10008 10007 10003 10009 10010 10011 10011 10012 10009 10013 10011 10010 10010 10014 10013 10015 10016 10017 10018 10016 10015 10017 10019 10015 10015 10020 10018 10021 10022 10023 10023 10024 10021 10025 10021 10024 10024 10026 10025 10025 10026 10027 10027 10028 10025 10029 10021 10030 10030 10031 10029 10031 10030 10032 10033 10022 10021 10021 10029 10033 10032 10034 10031 10035 10036 10037 10037 10038 10035 10039 10040 10041 10041 10042 10039 10043 10044 10045 10045 10046 10043 10047 10048 10049 10049 10050 10047 10051 10052 10053 10053 10054 10051 10051 10054 10055 10055 10056 10051 10057 10058 10059 10059 10060 10057 10061 10062 10058 10058 10057 10061 10056 10055 10063 10063 10064 10056 10064 10063 10065 10065 10066 10064 10066 10065 10067 10067 10068 10066 10068 10067 10069 10069 10070 10068 10070 10069 10071 10071 10072 10070 10073 10072 10071 10071 10074 10073 10075 10076 10077 10077 10078 10075 10078 10077 10079 10080 10081 10076 10076 10075 10080 10082 10079 10083 10079 10082 10078 10083 10084 10082 10084 10083 10085 10085 10086 10084 10086 10085 10062 10062 10061 10086 10087 10088 10089 10089 10090 10087 10091 10089 10088 10088 10092 10091 10092 10093 10091 10094 10095 10096 10096 10097 10094 10094 10097 10098 10098 10099 10094 10100 10096 10095 10095 10101 10100 10102 10100 10101 10101 10103 10102 10104 10102 10103 10103 10105 10104 10106 10104 10105 10105 10107 10106 10108 10109 10110 10110 10111 10108 10112 10108 10111 10111 10113 10112 10114 10099 10098 10098 10115 10114 10114 10115 10116 10116 10117 10114 10118 10119 10120 10120 10121 10118 10118 10121 10122 10122 10123 10118 10124 10120 10119 10119 10125 10124 10126 10124 10125 10125 10127 10126 10128 10126 10127 10127 10129 10128 10130 10128 10129 10129 10131 10130 10132 10130 10131 10131 10133 10132 10134 10132 10133 10133 10135 10134 10136 10123 10122 10122 10137 10136 10136 10137 10138 10138 10139 10136 10134 10135 10140 10140 10141 10134 10141 10140 10142 10142 10143 10141 10144 10145 10146 10146 10147 10144 10145 10144 10148 10148 10149 10145 10149 10148 10150 10150 10151 10149 10151 10150 10152 10152 10153 10151 10153 10152 10154 10154 10155 10153 10155 10154 10156 10156 10157 10155 10157 10156 10158 10158 10159 10157 10159 10158 10160 10160 10161 10159 10162 10161 10160 10160 10163 10162 10164 10162 10163 10163 10165 10164 10166 10147 10146 10146 10167 10166 10166 10167 10168 10168 10169 10166 10170 10171 10172 10172 10173 10170 10173 10172 10174 10174 10175 10173 10176 10174 10172 10172 10177 10176 10177 10172 10178 10178 10179 10177 10180 10178 10172 10172 10181 10180 10181 10172 10182 10182 10183 10181 10184 10182 10172 10172 10185 10184 10185 10172 10171 10171 10186 10185 10187 10188 10189 10189 10190 10187 10187 10190 10191 10191 10192 10187 10193 10189 10188 10188 10194 10193 10195 10193 10194 10194 10196 10195 10197 10192 10191 10191 10198 10197 10197 10198 10199 10199 10200 10197 10201 10195 10196 10196 10202 10201 10201 10202 10203 10203 10204 10201 10205 10206 10207 10207 10208 10205 10205 10208 10209 10209 10210 10205 10211 10212 10213 10213 10214 10211 10212 10211 10215 10215 10216 10212 10216 10215 10217 10217 10218 10216 10218 10217 10219 10219 10220 10218 10214 10213 10221 10221 10222 10214 10222 10221 10223 10223 10224 10222 10224 10223 10225 10225 10226 10224 10226 10225 10227 10227 10228 10226 10228 10227 10229 10229 10230 10228 10230 10229 10231 10231 10232 10230 10232 10231 10233 10233 10234 10232 10234 10233 10235 10235 10236 10234 10237 10238 10239 10239 10240 10237 10238 10237 10241 10241 10242 10238 10243 10244 10245 10245 10246 10243 10246 10245 10247 10247 10248 10246 10242 10241 10249 10249 10250 10242 10250 10249 10251 10251 10252 10250 10253 10254 10255 10255 10256 10253 10257 10255 10254 10254 10258 10257 10259 10260 10261 10261 10262 10259 10263 10264 10265 10263 10265 10266 10265 10267 10266 10267 10265 10268 10268 10269 10267 10270 10271 10272 10272 10273 10270 10274 10271 10270 10270 10275 10274 10276 10277 10278 10278 10279 10276 10280 10281 10282 10282 10283 10280 10284 10285 10286 10286 10287 10284 10288 10289 10290 10290 10291 10288 10292 10293 10294 10294 10295 10292 10296 10294 10293 10293 10297 10296 10292 10295 10298 10298 10296 10297 10298 10295 10299 10299 10300 10298 10298 10301 10292 10297 10301 10298 10302 10303 10304 10304 10305 10302 10306 10307 10308 10308 10309 10306 10310 10311 10312 10312 10313 10310 10314 10315 10316 10314 10316 10317 10314 10317 10318 10319 10316 10315 10315 10320 10319 10321 10322 10323 10323 10324 10321 10321 10324 10325 10325 10326 10321 10327 10328 10329 10329 10330 10327 10331 10332 10333 10333 10334 10331 10335 10336 10337 10337 10338 10335 10339 10340 10341 10341 10342 10339 10343 10344 10345 10345 10346 10343 10344 10343 10347 10347 10348 10344 10349 10346 10345 10348 10347 10349 10350 10346 10349 10349 10351 10350 10345 10352 10349 10349 10352 10348 10353 10354 10355 10355 10356 10353 10357 10358 10359 10359 10360 10357 10361 10362 10363 10363 10364 10361 10364 10363 10365 10365 10366 10364 10366 10365 10367 10367 10368 10366 10368 10367 10369 10369 10370 10368 10370 10369 10371 10371 10372 10370 10373 10372 10371 10371 10374 10373 10373 10374 10375 10375 10376 10373 10377 10376 10375 10375 10378 10377 10377 10378 10379 10379 10380 10377 10381 10380 10379 10379 10382 10381 10381 10382 10383 10383 10384 10381 10385 10386 10387 10387 10388 10385 10388 10387 10389 10389 10390 10388 10390 10389 10391 10391 10392 10390 10392 10391 10393 10393 10394 10392 10394 10393 10395 10395 10396 10394 10397 10398 10399 10399 10400 10397 10401 10399 10398 10398 10402 10401 10403 10404 10405 10405 10406 10403 10407 10405 10404 10404 10408 10407 10409 10407 10408 10408 10410 10409 10411 10409 10410 10410 10412 10411 10413 10411 10412 10412 10414 10413 10413 10414 10415 10415 10416 10413 10417 10416 10415 10415 10418 10417 10419 10417 10418 10418 10420 10419 10421 10419 10420 10420 10422 10421 10423 10421 10422 10422 10424 10423 10425 10423 10424 10424 10426 10425 10427 10425 10426 10426 10428 10427 10429 10427 10428 10428 10430 10429 10431 10429 10430 10430 10432 10431 10431 10432 10433 10433 10434 10431 10435 10434 10433 10433 10436 10435 10437 10435 10436 10436 10438 10437 10437 10438 10439 10439 10440 10437 10441 10442 10443 10443 10444 10441 10445 10443 10442 10442 10446 10445 10447 10445 10446 10446 10448 10447 10449 10447 10448 10448 10450 10449 10451 10449 10450 10450 10452 10451 10451 10452 10453 10453 10454 10451 10455 10454 10453 10453 10456 10455 10455 10456 10457 10457 10458 10455 10459 10458 10457 10457 10460 10459 10459 10460 10461 10461 10462 10459 10463 10462 10461 10461 10464 10463 10465 10466 10467 10467 10468 10465 10469 10465 10468 10468 10470 10469 10469 10470 10471 10471 10472 10469 10472 10471 10473 10473 10474 10472 10474 10473 10475 10475 10476 10474 10477 10478 10479 10479 10480 10477 10479 10478 10481 10481 10482 10479 10483 10484 10485 10485 10486 10483 10486 10485 10487 10487 10488 10486 10488 10487 10489 10489 10490 10488 10490 10489 10491 10491 10492 10490 10492 10491 10493 10493 10494 10492 10495 10494 10493 10493 10496 10495 10495 10496 10497 10497 10498 10495 10498 10497 10499 10499 10500 10498 10500 10499 10501 10501 10502 10500 10502 10501 10503 10503 10504 10502 10504 10503 10505 10505 10506 10504 10506 10505 10507 10507 10508 10506 10508 10507 10509 10509 10510 10508 10510 10509 10511 10511 10512 10510 10512 10511 10513 10513 10514 10512 10514 10513 10515 10515 10516 10514 10516 10515 10517 10517 10518 10516 10519 10518 10517 10517 10520 10519 10521 10522 10523 10521 10523 10524 10521 10524 10525 10521 10525 10526 10521 10526 10527 10521 10527 10528 10521 10528 10529 10521 10529 10530 10521 10530 10531 10521 10531 10532 10521 10532 10533 10521 10533 10534 10521 10534 10535 10521 10535 10536 10521 10536 10537 10521 10537 10522 10538 10525 10524 10524 10539 10538 10525 10538 10540 10540 10526 10525 10526 10540 10541 10541 10527 10526 10527 10541 10542 10542 10528 10527 10528 10542 10543 10543 10529 10528 10529 10543 10544 10544 10530 10529 10530 10544 10545 10545 10531 10530 10531 10545 10546 10546 10532 10531 10532 10546 10547 10547 10533 10532 10533 10547 10548 10548 10534 10533 10534 10548 10549 10549 10535 10534 10535 10549 10550 10550 10536 10535 10536 10550 10551 10551 10537 10536 10537 10551 10552 10552 10522 10537 10522 10552 10553 10553 10523 10522 10523 10553 10539 10539 10524 10523 10554 10553 10552 10552 10555 10554 10555 10552 10551 10553 10554 10556 10556 10539 10553 10539 10556 10557 10557 10538 10539 10538 10557 10558 10558 10540 10538 10540 10558 10559 10559 10541 10540 10541 10559 10560 10560 10542 10541 10542 10560 10561 10561 10543 10542 10543 10561 10562 10562 10544 10543 10544 10562 10563 10563 10545 10544 10545 10563 10564 10564 10546 10545 10546 10564 10565 10565 10547 10546 10547 10565 10566 10566 10548 10547 10548 10566 10567 10567 10549 10548 10549 10567 10568 10568 10550 10549 10550 10568 10569 10569 10551 10550 10551 10569 10555 10570 10571 10572 10570 10573 10571 10570 10574 10573 10570 10575 10574 10570 10576 10575 10570 10577 10576 10570 10578 10577 10570 10579 10578 10570 10580 10579 10570 10581 10580 10570 10582 10581 10570 10583 10582 10570 10584 10583 10570 10585 10584 10570 10586 10585 10570 10572 10586 10573 10574 10587 10574 10575 10588 10588 10587 10574 10576 10577 10589 10577 10578 10590 10590 10589 10577 10579 10580 10591 10580 10581 10592 10592 10591 10580 10582 10583 10593 10583 10584 10594 10594 10593 10583 10585 10586 10595 10586 10572 10596 10597 10596 10572 10572 10571 10597 10598 10597 10571 10571 10573 10598 10587 10598 10573 10596 10595 10586 10596 10597 10599 10599 10597 10598 10599 10600 10596 10598 10601 10599 10601 10598 10587 10587 10602 10601 10602 10587 10588 10588 10603 10602 10603 10588 10604 10604 10588 10575 10575 10576 10604 10589 10604 10576 10604 10605 10603 10605 10604 10589 10589 10606 10605 10606 10589 10590 10590 10607 10606 10607 10590 10608 10608 10590 10578 10578 10579 10608 10591 10608 10579 10608 10609 10607 10609 10608 10591 10591 10610 10609 10610 10591 10592 10592 10611 10610 10611 10592 10612 10612 10592 10581 10581 10582 10612 10593 10612 10582 10612 10613 10611 10613 10612 10593 10593 10614 10613 10614 10593 10594 10594 10615 10614 10615 10594 10616 10616 10594 10584 10584 10585 10616 10595 10616 10585 10616 10617 10615 10617 10616 10595 10595 10618 10617 10618 10595 10596 10596 10600 10618 10619 10620 10621 10621 10622 10619 10621 10620 1170 1170 10620 10623 10623 1169 1170 10624 1169 10623 10623 10625 10624 10626 10625 10623 10623 10627 10626 10628 10629 10630 10631 10632 10633 10633 10634 10631 10632 10631 10635 10635 10636 10632 10636 10635 10637 10637 10638 10636 10619 10627 10639 10640 10639 10627 10627 10623 10640 10641 10640 10623 10623 10620 10641 10642 10641 10620 10639 10642 10619 10620 10619 10642 10643 10644 10645 10645 10646 10643 10647 10648 10649 10649 10650 10647 10651 10652 10653 10653 10654 10651 10655 10656 10657 10657 10658 10655 10659 10660 10661 10661 10662 10659 10663 10664 10665 10665 10666 10663 1212 10666 10665 10667 10666 1212 1212 1211 10667 10667 1211 10668 10668 10669 10667 10667 10669 10670 10670 10671 10667 10672 10673 10674 10675 10671 10663 10663 10676 10675 10676 10663 10666 10677 10667 10671 10671 10675 10677 10678 10666 10667 10667 10677 10678 10666 10678 10676 10679 10680 10681 10681 10682 10679 10683 10684 10685 10685 10686 10683 10687 10688 10689 10689 10690 10687 10691 10692 10693 10693 10694 10691 10695 10696 10697 10697 10698 10695 10699 10700 10701 10701 10702 10699 10703 10700 10699 10699 10704 10703 10705 10703 10704 10704 10706 10705 10707 10705 10706 10706 10708 10707 10709 10707 10708 10708 10710 10709 10711 10709 10710 10710 10712 10711 10713 10711 10712 10712 10714 10713 10715 10702 10701 10701 10716 10715 10717 10715 10716 10717 10718 10715 10717 10716 10719 10717 10719 10720 10720 10713 10714 10717 10720 10721 10714 10722 10720 10720 10722 10721 10723 10724 10725 10725 10726 10723 10727 10723 10726 10726 10728 10727 10725 10724 10729 10729 10730 10725 10731 10732 10733 10733 10734 10731 10735 10731 10734 10734 10736 10735 10737 10738 10727 10737 10734 10733 10733 10738 10737 10727 10739 10737 10737 10739 10740 10741 10740 10739 10739 10742 10741 10742 10739 10727 10741 10742 10743 10743 10744 10741 10744 10743 10745 10746 10745 10743 10743 10747 10746 10747 10743 10742 10745 10748 10744 10742 10749 10747 10747 10749 10750 10750 10751 10747 10746 10747 10751 10751 10752 10746 10753 10754 10755 10756 10757 10758 10759 10758 10757 10757 10760 10759 10727 10749 10742 10761 10759 10760 10760 10762 10761 10763 10761 10762 10762 10764 10763 10763 10764 10765 10749 10727 10728 10728 10750 10749 10766 10744 10748 10748 10767 10766 10768 10766 10767 10767 10769 10768 10766 10768 10770 10766 10771 10744 10771 10741 10744 10741 10771 10772 10772 10740 10741 10740 10772 10773 10773 10774 10740 10740 10774 10737 10734 10737 10774 10774 10736 10734 10775 10736 10774 10774 10773 10775 10736 10775 10776 10777 10778 10779 10777 10779 10780 10777 10780 10781 10782 10780 10779 10780 10782 10783 10784 10783 10782 10782 10785 10784 10784 10785 10786 10786 10787 10784 10785 10782 10788 10779 10788 10782 10788 10789 10785 10786 10785 10789 10789 10790 10786 10783 10784 10791 10791 10792 10783 10793 10791 10784 10784 10787 10793 10783 10794 10780 10794 10783 10792 10792 10795 10794 10794 10795 10796 10796 10797 10794 10797 10780 10794 10797 10781 10780 10798 10777 10781 10781 10799 10798 10800 10801 10802 10802 10803 10800 10804 10803 10802 10802 10805 10804 10806 10804 10805 10805 10807 10806 10808 10809 10810 10810 10811 10808 10812 10811 10810 10810 10813 10812 10814 10812 10813 10813 10815 10814 10816 10814 10815 10815 10817 10816 10818 10819 10820 10820 10821 10818 10821 10820 10822 10822 10823 10821 10824 10825 10826 10826 10827 10824 10828 10825 10824 10824 10829 10828 10828 10829 10816 10816 10817 10828 10830 10831 10832 10832 10833 10830 10834 10832 10831 10831 10835 10834 10832 10834 10836 10836 10837 10832 10838 10833 10832 10832 10837 10838 10834 10835 10839 10839 10840 10834 10840 10839 10841 10841 10842 10840 10842 10841 10843 10843 10844 10842 10845 10844 10843 10843 10846 10845 10847 10845 10846 10846 10848 10847 10845 10847 10849 10849 10850 10845 10844 10845 10850 10850 10851 10844 10852 10837 10836 10836 10853 10852 10852 10853 10854 10855 10854 10853 10853 10856 10855 10855 10856 10857 10857 10858 10855 10859 10857 10856 10857 10859 10851 10856 10860 10859 10860 10856 10853 10853 10836 10860 10851 10861 10857 10858 10857 10861 10861 10862 10858 10854 10863 10852 10862 10861 10864 10864 10861 10851 10864 10865 10862 10866 10865 10864 10864 10867 10866 10842 10859 10860 10860 10840 10842 10859 10842 10844 10844 10851 10859 10866 10867 10868 10869 10868 10867 10868 10869 10870 10870 10871 10868 10872 10868 10871 10868 10872 10866 10871 10873 10872 10874 10870 10869 10869 10875 10874 10876 10874 10875 10875 10877 10876 10867 10849 10869 10849 10867 10864 10864 10850 10849 10851 10850 10864 10848 10877 10875 10875 10847 10848 10869 10849 10847 10847 10875 10869 10878 10871 10870 10873 10871 10878 10870 10879 10878 10879 10870 10874 10878 10880 10873 10881 10874 10876 10874 10881 10879 10876 10882 10881 10883 10884 10885 10885 10886 10883 10887 10884 10883 10883 10888 10887 10889 10887 10888 10888 10890 10889 10891 10884 10887 10885 10884 10891 10887 10892 10891 10892 10887 10889 10891 10893 10885 10889 10890 10894 10894 10895 10889 10896 10889 10895 10889 10896 10892 10895 10841 10896 10843 10841 10895 10895 10897 10843 10897 10895 10894 10894 10898 10897 10899 10897 10898 10843 10897 10899 10898 10900 10899 10901 10899 10900 10900 10902 10901 10899 10901 10848 10848 10901 10903 10903 10877 10848 10876 10877 10903 10903 10904 10876 10904 10903 10905 10901 10902 10905 10905 10903 10901 10905 10906 10904 10848 10846 10899 10899 10846 10843 10882 10876 10904 10904 10907 10882 10907 10904 10906 10906 10908 10907 10909 10910 10911 10911 10912 10909 10913 10914 10915 10915 10916 10913 10917 10915 10914 10914 10918 10917 10919 10917 10918 10918 10920 10919 10921 10919 10920 10920 10922 10921 10923 10921 10922 10922 10924 10923 10925 10923 10924 10924 10926 10925 10927 10925 10926 10926 10928 10927 10927 10928 10929 10929 10930 10927 10931 10930 10929 10929 10932 10931 10933 10934 10935 10935 10936 10933 10937 10933 10936 10936 10938 10937 10939 10937 10938 10938 10940 10939 10941 10939 10940 10940 10942 10941 10943 10941 10942 10942 10944 10943 10945 10943 10944 10944 10946 10945 10947 10945 10946 10946 10948 10947 10949 10947 10948 10948 10950 10949 10951 10949 10950 10950 10952 10951 10953 10954 10955 10955 10956 10953 10956 10955 10957 10957 10958 10956 10959 10960 10961 10961 10962 10959 10963 10959 10962 10962 10964 10963 10965 10963 10964 10964 10966 10965 10967 10965 10966 10966 10968 10967 10969 10970 10971 10971 10972 10969 10973 10969 10972 10972 10974 10973 10975 10973 10974 10974 10976 10975 10873 10975 10976 10976 10872 10873 10974 10972 10977 10977 10978 10974 10972 10971 10979 10979 10977 10972 10980 10977 10979 10978 10977 10980 10979 10981 10980 10980 10982 10978 10978 10982 10983 10983 10984 10978 10974 10978 10984 10984 10976 10974 10984 10983 10865 10862 10865 10983 10983 10985 10862 10985 10983 10982 10865 10866 10984 10866 10872 10976 10976 10984 10866 10982 10986 10985 10986 10982 10980 10862 10985 10987 10985 10986 10987 10987 10858 10862 10858 10987 10988 10988 10855 10858 10854 10855 10988 10988 10989 10854 10863 10854 10989 10989 10990 10863 10990 10989 10991 10991 10992 10990 10993 10992 10991 10994 10992 10993 10995 10994 10993 10995 10996 10994 10995 10993 10997 10996 10995 10998 10995 10999 10998 10999 11000 10998 10993 10991 11001 10991 11002 11001 11000 10999 11003 10863 10990 11003 11004 11000 11003 10990 11004 11003 10990 10992 11005 11005 11006 10990 11006 11005 11007 11007 11008 11006 11009 11010 11011 11011 11012 11009 11013 11009 11012 11012 11014 11013 11009 11013 11015 11015 11016 11009 11010 11009 11016 11016 11017 11010 11018 11019 11020 11020 11021 11018 11022 11020 11019 11019 11023 11022 11020 11022 11024 11024 11025 11020 11021 11020 11025 11025 11026 11021 11013 11014 11027 11027 11028 11013 11015 11013 11028 11029 11028 11027 11027 11030 11029 11031 11029 11030 11030 11032 11031 11033 11031 11032 11032 11034 11033 11035 11031 11033 11033 11036 11035 11037 11033 11034 11036 11033 11037 11034 11038 11037 11037 11039 11036 11040 11041 11042 11042 11043 11040 11044 11040 11043 11043 11042 11045 11045 11046 11043 11043 11047 11044 11048 11044 11047 11049 11047 11043 11050 11049 11043 11031 11035 11051 11052 11045 11042 11042 11053 11052 11053 11042 11041 11041 11054 11053 11047 11055 11048 11047 11049 11056 11056 11055 11047 11057 11056 11049 11049 11058 11057 11058 11049 11050 11050 11059 11058 11058 11059 11060 11060 11061 11058 11026 11052 11053 11053 11021 11026 11053 11054 11018 11018 11021 11053 11051 11029 11031 11062 11028 11029 11029 11051 11062 11028 11062 11015 11063 11064 11065 11066 11065 11064 11064 11067 11066 11068 11066 11067 11067 11069 11068 11070 11066 11068 11068 11071 11070 11066 11070 11072 11072 11065 11066 11065 11073 11063 11074 11063 11073 11065 11072 11075 11075 11073 11065 11073 11076 11074 11074 11076 11077 11077 11078 11074 11079 11076 11073 11073 11075 11079 11077 11076 11079 11079 11080 11077 11081 11068 11069 11071 11068 11081 11069 11082 11081 11081 11083 11071 11084 11078 11077 11077 11085 11084 11085 11077 11080 11080 11086 11085 11085 11086 11087 11087 11088 11085 11089 11085 11088 11088 11090 11089 11088 11087 11091 11091 11092 11088 11090 11088 11092 11092 11093 11090 11094 11095 11096 11096 11097 11094 10745 11094 11097 11097 10748 10745 11094 10745 10746 10746 11098 11094 11095 11094 11098 11098 11099 11095 11100 11101 11102 11103 11104 11105 11105 11106 11103 11107 11106 11105 11105 11108 11107 11109 11110 11111 11111 11112 11109 11113 11112 11111 11111 11114 11113 11113 11114 11115 11115 11116 11113 11117 11118 11119 11119 11120 11117 11121 11120 11119 11119 11122 11121 11123 11124 11125 11125 11126 11123 11127 11124 11123 11123 11128 11127 11129 11130 11131 11131 11132 11129 11133 11132 11131 11131 11134 11133 11135 11136 11137 11137 11138 11135 11139 11138 11137 11137 11140 11139 11141 11142 11143 11143 11144 11141 11145 11144 11143 11143 11146 11145 11145 11146 11147 11147 11148 11145 11149 11144 11145 11145 11150 11149 11150 11145 11148 11151 11141 11144 11144 11149 11151 11130 11152 11153 11153 11131 11130 11134 11131 11153 11153 11154 11134 11148 11155 11150 11156 11157 11158 11158 11137 11156 11140 11137 11158 11158 11159 11140 11160 11161 11162 11162 11163 11160 11163 11162 11164 11165 11166 11161 11161 11160 11165 11166 11165 11167 11167 11168 11166 11169 11168 11167 11167 11170 11169 11164 11171 11163 11169 11170 11172 11172 11158 11169 11159 11158 11172 11172 11173 11159 11174 11175 11176 11176 11177 11174 11178 11177 11176 11176 11179 11178 11180 11176 11175 11179 11176 11180 11175 11181 11180 11180 11182 11179 11183 11184 11185 11186 11184 11183 11185 11187 11183 11183 11188 11186 11189 11190 11191 11191 11192 11189 11193 11189 11192 11192 11194 11193 11195 11193 11194 11194 11196 11195 11197 11195 11196 11196 11198 11197 11199 11197 11198 11198 11200 11199 11201 11191 11190 11190 11202 11201 11203 11201 11202 11202 11204 11203 11205 11203 11204 11204 11206 11205 11207 11205 11206 11206 11208 11207 11209 11210 11211 11211 11212 11209 11213 11209 11212 11212 11214 11213 11215 11213 11214 11214 11216 11215 11217 11215 11216 11216 11218 11217 11219 11211 11210 11210 11220 11219 11221 11219 11220 11220 11222 11221 11223 11221 11222 11222 11224 11223 11217 11218 11225 11225 11226 11217 11227 11226 11225 11225 11228 11227 11229 11230 11231 11231 11232 11229 11233 11229 11232 11232 11234 11233 11235 11233 11234 11234 11236 11235 11237 11235 11236 11236 11238 11237 11239 11240 11241 11242 11243 11244 11244 11245 11242 11246 11242 11245 11245 11247 11246 11248 11249 11250 11250 11251 11248 11252 11248 11251 11251 11253 11252 11254 11252 11253 11253 11255 11254 11256 11254 11255 11255 11257 11256 11258 11246 11247 11247 11259 11258 11260 11261 11262 11262 11263 11260 11264 11260 11263 11263 11265 11264 11266 11267 11268 11268 11269 11266 11257 11268 11267 11267 11256 11257 10860 10836 10834 10834 10840 10860 10863 11003 11270 11270 10852 10863 10852 11270 10838 10838 10837 10852 11271 11272 11273 11273 11274 11271 11271 11275 11272 11276 11277 11278 11278 11279 11276 11280 11276 11279 11279 11281 11280 11280 11281 11282 11283 11284 11285 11286 11287 11288 11288 11289 11286 11290 11288 11287 11287 11291 11290 11288 11290 11292 11292 11293 11288 11289 11288 11293 11293 11294 11289 11289 11294 11295 11295 11296 11289 11286 11289 11296 11296 11297 11286 11298 11299 11300 11300 11301 11298 11302 11298 11301 11301 11303 11302 11304 11305 11306 11307 11305 11304 11306 11308 11304 11308 11306 11309 11310 11302 11303 11309 11311 11308 11303 11312 11310 11310 11312 11313 11313 11314 11310 11304 11315 11307 11316 11314 11313 11317 11318 11319 11317 11311 11309 11309 11318 11317 11319 11320 11317 11313 11321 11316 10981 11322 11323 11323 10980 10981 10980 11323 10986 10730 10729 11324 11324 11325 10730 11326 10732 10731 10731 11327 11326 11327 10731 10735 10735 11328 11327 11329 11328 10735 10973 11330 11331 11331 10969 10973 10970 10969 11331 11331 11332 10970 11330 10973 10975 10975 11333 11330 11333 10975 10873 10873 10880 11333 11334 11335 11336 11334 11336 11337 11336 11338 11337 11334 11337 11339 11337 11340 11339 11337 11341 11340 11340 11342 11339 11342 11343 11339 11334 11339 11344 11345 11346 11347 11345 11347 11348 11345 11348 11349 11345 11349 11350 11349 11351 11350 11349 11352 11351 11345 11350 11353 11354 11355 11356 11357 11358 11359 11355 11354 11360 11360 11361 11355 11362 11359 11358 11358 11363 11362 11354 11364 11365 11365 11360 11354 11366 11362 11363 11363 11367 11366 11368 11366 11367 11367 11369 11368 11370 11371 11372 11372 11373 11370 11364 11370 11373 11373 11365 11364 11374 11368 11369 11369 11375 11374 11371 11376 11377 11377 11372 11371 11378 11379 11380 11380 11381 11378 11382 11378 11381 11383 11384 11385 11386 11387 11388 11388 11389 11386 11376 11386 11389 11389 11377 11376 11390 11391 11392 11393 11394 11395 11396 11397 11398 11399 11398 11397 11397 11400 11399 11401 11402 11403 11403 11404 11401 11405 11401 11404 11404 11406 11405 11407 11405 11406 11406 11408 11407 11409 11410 11411 11411 11412 11409 11413 11412 11411 11414 11415 11416 11417 11418 11419 11418 11417 11420 11421 11422 10957 11421 10957 10955 10955 11423 11421 11424 11423 10955 10955 10954 11424 11425 11426 11427 11427 11428 11425 11429 11428 11427 11427 10964 11429 11430 11429 10964 10964 10962 11430 11430 10962 10961 10961 11431 11430 11431 10961 10805 10805 11432 11431 11433 11432 10805 10805 10802 11433 11433 10802 10801 10801 11434 11433 11435 11436 11437 11437 11438 11435 11435 11438 11439 11439 11440 11435 11440 11439 11441 11441 11442 11440 11442 11441 11443 11443 11444 11442 11444 11443 11445 11445 11446 11444 11446 11445 11447 11447 11448 11446 11448 11447 11449 11449 11450 11448 11437 11436 11451 11451 11452 11437 11453 11452 11451 11453 11454 11452 11453 11451 11455 11456 11454 11453 11450 11449 11456 11456 11453 11457 11456 11458 11450 11456 11457 11458 11459 11460 11461 11461 11462 11459 11462 11461 11463 11463 11464 11462 11465 11460 11459 11459 11466 11465 11467 11468 11469 11469 11470 11467 11470 11469 11471 11471 11472 11470 11463 11473 11474 11467 11470 11474 11474 11473 11467 11474 11475 11463 11476 11475 11474 11475 11476 11477 11477 11478 11475 11463 11475 11478 11479 11478 11477 11477 11480 11479 11481 11479 11480 11479 11481 11482 11482 11483 11479 11478 11479 11483 11480 11484 11481 11483 11485 11478 11486 11485 11483 11483 11487 11486 11487 11483 11482 11482 11488 11487 11489 11490 11491 11492 11493 11494 11493 11492 11495 11495 11496 11493 11478 11485 11463 11496 11495 11497 11497 11498 11496 11498 11497 11499 11499 11500 11498 11500 11499 11501 11464 11463 11485 11485 11486 11464 11502 11503 11484 11484 11480 11502 11503 11502 11504 11504 11505 11503 11502 11480 11506 11502 11507 11504 11480 11477 11506 11508 11506 11477 11477 11476 11508 11508 11476 11509 11474 11509 11476 11509 11474 11470 11470 11472 11509 11509 11510 11508 11511 11510 11509 11509 11472 11511 11511 11472 11471 11471 11469 11512 11512 11513 11471 11514 11512 11469 11469 11468 11514 11515 11465 11466 11466 11516 11515 11517 11518 11519 11520 11521 11522 11520 11522 11523 11522 11524 11523 11520 11523 11525 11526 11525 11523 11525 11526 11527 11527 11528 11525 11529 11528 11527 11527 11530 11529 11531 11525 11528 11525 11531 11520 11528 11532 11531 11533 11532 11528 11528 11529 11533 11534 11527 11526 11530 11527 11534 11526 11535 11534 11534 11536 11530 11523 11537 11526 11535 11526 11537 11537 11538 11535 11539 11538 11537 11537 11540 11539 11540 11537 11523 11540 11523 11524 11541 11542 11524 11524 11522 11541 11543 11544 11545 11545 11546 11543 11543 11546 11547 11547 11548 11543 11548 11547 11549 11549 11550 11548 11551 11552 11553 11553 11554 11551 11551 11554 11555 11555 11556 11551 11556 11555 11557 11557 11558 11556 11558 11557 11559 11559 11560 11558 11561 11562 11563 11563 11564 11561 11565 11563 11562 11562 11566 11565 11567 11568 11569 11569 11570 11567 11567 11570 11571 11571 11572 11567 11559 11572 11571 11571 11560 11559 11573 11574 11575 11575 11576 11573 11574 11573 11577 11577 11578 11574 11579 11577 11573 11573 11580 11579 11573 11576 11581 11581 11580 11573 11582 11578 11577 11577 11583 11582 11584 11582 11583 11583 11585 11584 11586 11584 11585 11585 11587 11586 11586 11587 11588 11588 11589 11586 11589 11588 11590 11590 11591 11589 11592 11590 11588 11588 11593 11592 11593 11588 11587 11587 11594 11593 11579 11580 11595 11595 11580 11581 11585 11583 11596 11596 11597 11585 11587 11585 11597 11597 11594 11587 11597 11596 11598 11598 11599 11597 11594 11597 11599 11599 11598 11600 11600 11601 11599 11599 11602 11594 11602 11599 11601 11601 11603 11602 11600 11598 11604 11604 11598 11596 11604 11605 11600 11605 11604 11595 11595 11606 11605 11607 11602 11603 11592 11593 11607 11594 11602 11607 11607 11593 11594 11603 11608 11607 11607 11608 11609 11609 11610 11607 11596 11579 11604 11595 11604 11579 11611 11610 11609 11610 11611 11612 11613 11612 11611 11611 11614 11613 11614 11611 11615 11609 11615 11611 11615 11616 11614 11612 11613 11617 11617 11618 11612 11618 11617 11619 11619 11620 11618 11612 11592 11610 11607 11610 11592 11618 11620 11591 11591 11590 11618 11612 11618 11590 11590 11592 11612 11613 11614 11621 11621 11614 11616 11621 11622 11613 11617 11613 11622 11616 11623 11621 11619 11617 11624 11622 11624 11617 11624 11625 11619 11626 11627 11628 11628 11629 11626 11628 11627 11630 11630 11631 11628 11631 11630 11632 11632 11633 11631 11630 11627 11634 11634 11627 11626 11634 11635 11630 11632 11630 11635 11626 11636 11634 11637 11633 11632 11632 11638 11637 11638 11632 11639 11635 11639 11632 11639 11584 11638 11638 11584 11586 11586 11640 11638 11637 11638 11640 11640 11641 11637 11641 11640 11642 11642 11640 11586 11642 11643 11641 11643 11642 11644 11644 11645 11643 11591 11644 11642 11646 11644 11591 11591 11620 11646 11646 11620 11619 11619 11647 11646 11648 11646 11647 11648 11645 11644 11644 11646 11648 11647 11649 11648 11642 11589 11591 11586 11589 11642 11647 11619 11625 11625 11650 11647 11649 11647 11650 11650 11651 11649 11652 11653 11654 11654 11655 11652 11656 11657 11658 11658 11659 11656 11659 11658 11660 11660 11661 11659 11661 11660 11662 11662 11663 11661 11663 11662 11664 11664 11665 11663 11665 11664 11666 11666 11667 11665 11667 11666 11668 11668 11669 11667 11669 11668 11670 11670 11671 11669 11672 11671 11670 11670 11673 11672 11672 11673 11674 11674 11675 11672 11676 11677 11678 11678 11679 11676 11677 11676 11680 11680 11681 11677 11681 11680 11682 11682 11683 11681 11683 11682 11684 11684 11685 11683 11685 11684 11686 11686 11687 11685 11687 11686 11688 11688 11689 11687 11689 11688 11690 11690 11691 11689 11691 11690 11692 11692 11693 11691 11693 11692 11694 11694 11695 11693 11696 11697 11698 11698 11699 11696 11700 11698 11697 11697 11701 11700 11702 11703 11704 11704 11705 11702 11705 11704 11706 11706 11707 11705 11707 11706 11708 11708 11709 11707 11709 11708 11710 11710 11711 11709 11712 11713 11714 11714 11715 11712 11715 11714 11716 11716 11717 11715 11717 11716 11718 11718 11719 11717 11719 11718 11616 11616 11615 11719 11720 11715 11717 11717 11721 11720 11715 11720 11722 11722 11712 11715 11722 11720 11723 11723 11720 11721 11723 11724 11722 11721 11725 11723 11726 11725 11721 11721 11727 11726 11717 11719 11727 11727 11721 11717 11608 11726 11727 11726 11608 11603 11603 11728 11726 11725 11726 11728 11727 11609 11608 11609 11727 11719 11719 11615 11609 11728 11729 11725 11723 11725 11729 11730 11728 11603 11728 11730 11729 11603 11601 11730 11731 11730 11601 11601 11600 11731 11731 11600 11605 11605 11732 11731 11732 11605 11606 11606 11733 11732 11734 11732 11733 11733 11735 11734 11736 11734 11735 11736 11735 11737 11738 11736 11737 11738 11739 11736 11740 11738 11737 11740 11741 11738 11741 11742 11738 11741 11743 11742 11736 11744 11734 11744 11745 11734 11733 11606 11746 11743 11746 11742 11747 11733 11746 11743 11747 11746 11748 11735 11733 11733 11749 11748 11750 11751 11752 11752 11753 11750 11753 11752 11754 11754 11755 11753 11756 11754 11752 11752 11757 11756 11757 11752 11751 11751 11758 11757 11759 11755 11754 11754 11760 11759 11760 11754 11756 11759 11760 11761 11761 11762 11759 11762 11761 11763 11763 11764 11762 11764 11763 11765 11765 11766 11764 11765 11763 11767 11767 11768 11765 11766 11765 11769 11769 11765 11768 11769 11770 11766 11768 11771 11769 11763 11761 11772 11772 11767 11763 11773 11772 11761 11761 11760 11773 11756 11773 11760 11774 11775 11776 11776 11777 11774 11777 11776 11778 11779 11774 11777 11777 11780 11779 11778 11781 11777 11780 11777 11781 11781 11778 11782 11781 11783 11780 11782 11784 11781 11784 11782 11785 11781 11784 11786 11786 11783 11781 11785 11787 11784 11788 11787 11785 11785 11789 11788 11784 11787 11790 11790 11786 11784 11790 11787 11788 11788 11791 11790 11774 11779 11792 11792 11793 11774 11775 11774 11793 11793 11794 11775 11788 11789 11795 11795 11796 11788 11791 11788 11796 11796 11797 11791 11798 11797 11796 11796 11799 11798 11799 11796 11800 11800 11801 11799 11802 11798 11799 11799 11803 11802 11803 11799 11801 11801 11804 11803 11805 11806 11807 11807 11808 11805 11808 11807 11481 11481 11484 11808 11482 11481 11807 11807 11809 11482 11809 11807 11806 11809 11806 11810 11811 11812 11813 11814 11815 11816 11816 11817 11814 11818 11814 11817 11817 11819 11818 11817 11816 11820 11820 11821 11817 11821 11822 11817 11822 11823 11817 11815 11814 11824 11824 11825 11815 11814 11818 11826 11826 11824 11814 11821 11820 11827 11827 11828 11821 11829 11822 11821 11821 11828 11829 11822 11829 11830 11830 11831 11822 11823 11822 11831 11831 11832 11823 11833 11832 11831 11831 11834 11833 11824 11826 11835 11835 11836 11824 11836 11835 11837 11837 11838 11836 11839 11836 11838 11824 11836 11839 11839 11825 11824 11838 11840 11839 11840 11838 11841 11841 11842 11840 11843 11841 11838 11838 11837 11843 11840 11842 11844 11844 11753 11840 11839 11840 11753 11753 11755 11839 11839 11755 11759 11759 11825 11839 11815 11825 11759 11759 11762 11815 11815 11762 11764 11764 11816 11815 11816 11764 11845 11845 11820 11816 11820 11845 11846 11846 11827 11820 11847 11848 11849 11850 11851 11852 11852 11853 11850 11852 11851 11854 11854 11855 11852 11856 11857 11858 11858 11859 11856 11856 11859 11860 11860 11861 11856 11862 11863 11864 11864 11865 11862 11866 11865 11864 11864 11867 11866 11866 11867 11868 11868 11869 11866 11870 11869 11868 11868 11871 11870 11872 11873 11874 11874 11875 11872 11872 11875 11876 11876 11877 11872 11878 11879 11880 11880 11881 11878 11880 11879 11882 11882 11883 11880 11884 11885 11886 11886 11887 11884 11888 11889 11890 11890 11891 11888 11881 11880 11892 11892 11880 11883 11892 11893 11881 11883 11894 11892 11895 11896 11897 11897 11898 11895 11898 11899 11900 11900 11895 11898 11901 11902 11903 11903 11902 11904 11903 11905 11901 11904 11906 11903 11907 11906 11904 11904 11895 11907 11895 11900 11908 11908 11907 11895 11909 11901 11905 11910 11911 11912 11912 11911 11913 11913 11914 11912 11912 11914 11915 11915 11916 11912 11915 11914 11917 11917 11914 11913 11917 11918 11915 11919 11918 11917 11917 11920 11919 11913 11921 11917 11920 11917 11921 11921 11922 11920 11923 11924 11925 11925 11924 11909 11925 11926 11923 11927 11923 11926 11909 11928 11925 11926 11929 11927 11930 11912 11916 11916 11931 11930 11912 11930 11910 11905 11928 11909 11932 11933 11934 11934 11935 11932 11932 11935 11936 11936 11937 11932 11933 11932 11938 11938 11932 11937 11938 11939 11933 11937 11940 11938 11941 11942 11943 11943 11942 11944 11943 11945 11941 11944 11946 11943 11947 11948 11949 11949 11950 11947 11948 11947 11951 11951 11952 11948 11952 11951 11953 11953 11954 11952 11954 11953 11955 11955 11956 11954 11956 11955 11957 11957 11958 11956 11950 11949 11959 11959 11960 11950 11960 11959 11961 11961 11962 11960 11962 11961 11963 11963 11964 11962 11964 11963 11965 11965 11966 11964 11966 11965 11967 11967 11968 11966 11969 11970 11971 11971 11972 11969 11970 11969 11973 11973 11974 11970 11972 11971 11975 11975 11976 11972 11976 11975 11977 11977 11978 11976 11978 11977 11979 11979 11980 11978 11974 11973 11981 11981 11982 11974 11982 11981 11983 11983 11984 11982 11984 11983 11985 11985 11986 11984 11987 11986 11985 11985 11988 11987 11987 11988 11989 11989 11990 11987 11991 11992 11993 11993 11994 11991 11992 11991 11995 11995 11996 11992 11996 11995 11997 11997 11998 11996 11998 11997 11999 11999 12000 11998 12001 12002 12003 12004 12005 12006 12006 12007 12004 12005 12004 12008 12008 12009 12005 12010 12011 12012 12012 12013 12010 12013 12012 12014 12014 12015 12013 12015 12014 12016 12016 12017 12015 12017 12016 12018 12018 12019 12017 12009 12008 12020 12020 12021 12009 12022 12023 12024 12024 12025 12022 12023 12022 12026 12026 12027 12023 12028 12029 12030 12030 12031 12028 12031 12030 12019 12019 12018 12031 11596 11583 11577 11577 11579 11596 11606 11595 12032 12032 11746 11606 11581 12032 11595 12033 12034 12035 12035 12036 12033 12036 12035 12037 12038 12039 12040 12040 12041 12038 12039 12038 12042 12042 12043 12039 12044 12043 12042 12045 12046 12047 12048 12049 12050 12050 12051 12048 12051 12050 12052 12052 12053 12051 12050 12054 12052 12050 12055 12054 12050 12056 12055 12056 12050 12049 12049 12057 12056 12058 12057 12049 12049 12059 12058 12059 12049 12048 12048 12060 12059 12061 12062 12063 12063 12064 12061 12064 12063 12065 12065 12066 12064 12067 12068 12069 12070 12068 12067 12066 12065 12071 12067 12072 12070 12069 12073 12067 12071 12074 12066 12075 12074 12071 12071 12076 12075 12077 12073 12069 12069 12078 12077 12075 12076 12079 12080 12081 12082 12082 12083 12080 12083 12082 12070 12070 12072 12083 12079 12084 12075 11724 11723 12085 12085 12086 11724 11729 12085 11723 12087 12088 11716 11716 11714 12087 12087 11714 11713 11713 12089 12087 11718 11716 12088 12088 12090 11718 11616 11718 12090 12090 11623 11616 12091 12092 12093 12091 12093 12094 12093 12095 12094 12093 12096 12095 12093 12097 12096 12096 12098 12095 12095 12099 12094 12100 12091 12094 12100 12094 12101 12102 12103 12104 12105 12102 12104 12106 12105 12104 12106 12104 12107 12106 12107 12108 12109 12106 12108 12110 12105 12106 12111 12112 12113 12114 12115 12116 12115 12114 12117 12117 12118 12115 12118 12117 12119 12119 12120 12118 12120 12119 12121 12121 12122 12120 12122 12121 12123 12123 12124 12122 12125 12126 12127 12127 12128 12125 12128 12127 12129 12130 12131 12132 12133 12134 12135 12136 12137 12138 12137 12136 12139 12139 12140 12137 12141 12142 12143 12143 12144 12141 12144 12143 12145 12145 12146 12144 12146 12145 12147 12147 12148 12146 12149 12150 12151 12151 12152 12149 12149 12152 12153 12154 12155 12156 12157 12158 12159 12160 12161 12162 12161 12160 12163 12164 11700 12165 11698 11700 12164 12164 12166 11698 11698 12166 12167 12167 11699 11698 12168 12169 12170 12170 12171 12168 12168 12171 12172 12172 11707 12168 11707 12172 12173 12173 11705 11707 11702 11705 12173 12173 12174 11702 11548 11702 12174 12174 12175 11548 11548 12175 12176 12176 11543 11548 11544 11543 12176 12176 12177 11544 12178 12179 12180 12180 12181 12178 12182 12181 12180 12180 12183 12182 12184 12182 12183 12183 12185 12184 12182 12184 12186 12186 12187 12182 12181 12182 12187 12187 12188 12181 12178 12181 12188 12188 12189 12178 12189 12188 12190 12190 12191 12189 12192 12190 12188 12188 12187 12192 12193 12192 12187 12187 12186 12193 12192 12193 12194 12194 12195 12192 12190 12192 12195 12195 12196 12190 12191 12190 12196 12196 12197 12191 12197 12196 12198 12198 12199 12197 12200 12198 12196 12196 12195 12200 12201 12200 12195 12195 12194 12201 12200 12201 12202 12202 12203 12200 12198 12200 12203 12203 12204 12198 12199 12198 12204 12204 12205 12199 12205 12204 12206 12206 12207 12205 12208 12206 12204 12204 12203 12208 12209 12208 12203 12203 12202 12209 12208 12209 12210 12210 12211 12208 12206 12208 12211 12211 12212 12206 12207 12206 12212 12212 12213 12207 12214 12202 12201 12201 12215 12214 12215 12201 12194 12194 12216 12215 12216 12194 12193 12193 12217 12216 12217 12193 12186 12186 12218 12217 12218 12186 12184 12184 12219 12218 12219 12184 12185 12185 12220 12219 12221 12219 12220 12220 12222 12221 12223 12221 12222 12222 12224 12223 12225 12223 12224 12224 12226 12225 12223 12225 12227 12227 12228 12223 12221 12223 12228 12228 12229 12221 12219 12221 12229 12229 12218 12219 12230 12217 12218 12218 12229 12230 12231 12230 12229 12229 12228 12231 12232 12231 12228 12228 12227 12232 12231 12232 12233 12233 12234 12231 12230 12231 12234 12234 12235 12230 12217 12230 12235 12235 12216 12217 12216 12235 12236 12236 12215 12216 12237 12236 12235 12235 12234 12237 12238 12237 12234 12234 12233 12238 12237 12238 12239 12239 12240 12237 12236 12237 12240 12240 12241 12236 12215 12236 12241 12241 12214 12215 12214 12241 12242 12242 12243 12214 12202 12214 12243 12243 12209 12202 12244 12242 12241 12241 12240 12244 12245 12244 12240 12240 12239 12245 12244 12245 12246 12246 12247 12244 12242 12244 12247 12247 12248 12242 12243 12242 12248 12248 12249 12243 12209 12243 12249 12249 12210 12209 12210 12249 12250 12250 12251 12210 12252 12250 12249 12249 12248 12252 12248 12247 12253 12253 12254 12248 12247 12246 12255 12255 12256 12247 12257 12246 12245 12245 12258 12257 12258 12245 12239 12239 12259 12258 12259 12239 12238 12238 12260 12259 12260 12238 12233 12233 12261 12260 12261 12233 12232 12232 12262 12261 12262 12232 12227 12227 12263 12262 12263 12227 12225 12225 12264 12263 12264 12225 12226 12226 12265 12264 12266 12264 12265 12265 12267 12266 12268 12266 12267 12267 12269 12268 12270 12268 12269 12269 12271 12270 12268 12270 12272 12272 12273 12268 12266 12268 12273 12273 12274 12266 12264 12266 12274 12274 12263 12264 12275 12262 12263 12263 12274 12275 12276 12275 12274 12274 12273 12276 12277 12276 12273 12273 12272 12277 12276 12277 12278 12278 12279 12276 12275 12276 12279 12279 12280 12275 12262 12275 12280 12280 12261 12262 12261 12280 12281 12281 12260 12261 12282 12281 12280 12280 12279 12282 12283 12282 12279 12279 12278 12283 12282 12283 12284 12284 12285 12282 12281 12282 12285 12285 12286 12281 12260 12281 12286 12286 12259 12260 12259 12286 12287 12287 12258 12259 12288 12287 12286 12286 12285 12288 12289 12288 12285 12285 12284 12289 12288 12289 12290 12290 12291 12288 12287 12288 12291 12291 12292 12287 12258 12287 12292 12292 12257 12258 12257 12292 12293 12293 12294 12257 12292 12291 12295 12295 12296 12292 12291 12290 12297 12297 12298 12291 12299 12290 12289 12289 12300 12299 12300 12289 12284 12284 12301 12300 12301 12284 12283 12283 12302 12301 12302 12283 12278 12278 12303 12302 12303 12278 12277 12277 12304 12303 12304 12277 12272 12272 12305 12304 12305 12272 12270 12270 12306 12305 12306 12270 12271 12271 12307 12306 12308 12306 12307 12307 12309 12308 12310 12308 12309 12309 12311 12310 12312 12310 12311 12311 12313 12312 12310 12312 12314 12314 12315 12310 12308 12310 12315 12315 12316 12308 12306 12308 12316 12316 12305 12306 12317 12304 12305 12305 12316 12317 12318 12317 12316 12316 12315 12318 12319 12318 12315 12315 12314 12319 12318 12319 12320 12320 12321 12318 12317 12318 12321 12321 12322 12317 12304 12317 12322 12322 12303 12304 12303 12322 12323 12323 12302 12303 12324 12323 12322 12322 12321 12324 12325 12324 12321 12321 12320 12325 12324 12325 12326 12326 12327 12324 12323 12324 12327 12327 12328 12323 12302 12323 12328 12328 12301 12302 12301 12328 12329 12329 12300 12301 12330 12329 12328 12328 12327 12330 12331 12330 12327 12327 12326 12331 12330 12331 12332 12332 12333 12330 12329 12330 12333 12333 12334 12329 12300 12329 12334 12334 12299 12300 12299 12334 12335 12335 12336 12299 12334 12333 12337 12337 12338 12334 12333 12332 12339 12339 12340 12333 12341 12332 12331 12331 12342 12341 12342 12331 12326 12326 12343 12342 12343 12326 12325 12325 12344 12343 12344 12325 12320 12320 12345 12344 12345 12320 12319 12319 12346 12345 12346 12319 12314 12314 12347 12346 12347 12314 12312 12312 12348 12347 12348 12312 12313 12313 12349 12348 12350 12348 12349 12349 12351 12350 12352 12350 12351 12351 12353 12352 12354 12352 12353 12353 12355 12354 12352 12354 12356 12356 12357 12352 12350 12352 12357 12357 12358 12350 12348 12350 12358 12358 12347 12348 12359 12346 12347 12347 12358 12359 12360 12359 12358 12358 12357 12360 12361 12360 12357 12357 12356 12361 12360 12361 12362 12362 12363 12360 12359 12360 12363 12363 12364 12359 12346 12359 12364 12364 12345 12346 12345 12364 12365 12365 12344 12345 12366 12365 12364 12364 12363 12366 12367 12366 12363 12363 12362 12367 12366 12367 12368 12368 12369 12366 12365 12366 12369 12369 12370 12365 12344 12365 12370 12370 12343 12344 12343 12370 12371 12371 12342 12343 12372 12371 12370 12370 12369 12372 12373 12372 12369 12369 12368 12373 12372 12373 12374 12374 12375 12372 12371 12372 12375 12375 12376 12371 12342 12371 12376 12376 12341 12342 12341 12376 12377 12377 12378 12341 12376 12375 12379 12379 12380 12376 12375 12374 12381 12381 12382 12375 12383 12374 12373 12373 12384 12383 12384 12373 12368 12368 12385 12384 12385 12368 12367 12367 12386 12385 12386 12367 12362 12362 12387 12386 12387 12362 12361 12361 12388 12387 12388 12361 12356 12356 12389 12388 12389 12356 12354 12354 12390 12389 12390 12354 12355 12355 12391 12390 12392 12390 12391 12391 12393 12392 12394 12392 12393 12393 12395 12394 12396 12394 12395 12395 12397 12396 12394 12396 12398 12398 12399 12394 12392 12394 12399 12399 12400 12392 12390 12392 12400 12400 12389 12390 12401 12388 12389 12389 12400 12401 12402 12401 12400 12400 12399 12402 12399 12398 12403 12403 12402 12399 12402 12403 12404 12404 12405 12402 12401 12402 12405 12405 12406 12401 12388 12401 12406 12406 12387 12388 12387 12406 12407 12407 12386 12387 12408 12407 12406 12406 12405 12408 12405 12404 12409 12409 12408 12405 12408 12409 12410 12410 12411 12408 12407 12408 12411 12411 12412 12407 12386 12407 12412 12412 12385 12386 12385 12412 12413 12413 12384 12385 12414 12413 12412 12412 12411 12414 12411 12410 12415 12415 12414 12411 12414 12415 12416 12416 12417 12414 12413 12414 12417 12417 12418 12413 12384 12413 12418 12418 12383 12384 12383 12418 12419 12419 12420 12383 12418 12417 12421 12421 12422 12418 12423 12415 12410 12416 12415 12423 12410 12424 12423 12425 12424 12410 12426 12424 12425 12425 12427 12426 12427 12425 12428 12404 12428 12425 12429 12428 12404 12430 12428 12429 12428 12430 12427 12429 12431 12430 12431 12429 12432 12398 12432 12429 12433 12432 12398 12434 12432 12433 12432 12434 12431 12433 12435 12434 12435 12433 12436 12397 12436 12433 12433 12396 12397 12398 12396 12433 12436 12437 12435 12429 12403 12398 12404 12403 12429 12437 12436 12438 12438 12439 12437 12439 12438 12440 12441 12440 12438 12442 12440 12441 12443 12440 12442 12440 12443 12439 12442 12444 12443 12444 12442 12445 12446 12445 12442 12447 12445 12446 12448 12445 12447 12445 12448 12444 12447 12449 12448 12449 12447 12450 12451 12450 12447 12452 12450 12451 12453 12450 12452 12450 12453 12449 12452 12454 12453 12451 12455 12452 12456 12455 12451 12451 12457 12456 12458 12456 12457 12457 12459 12458 12460 12458 12459 12459 12461 12460 12462 12460 12461 12461 12463 12462 12464 12462 12463 12463 12465 12464 12466 12464 12465 12465 12467 12466 12468 12466 12467 12467 12469 12468 12470 12468 12469 12469 12471 12470 12472 12470 12471 12471 12473 12472 12474 12472 12473 12473 12475 12474 12476 12474 12475 12475 12477 12476 12478 12476 12477 12477 12479 12478 12480 12478 12479 12479 12481 12480 12482 12480 12481 12481 12483 12482 12484 12482 12483 12483 12485 12484 12486 12484 12485 12485 12487 12486 12488 12486 12487 12487 12489 12488 12490 12488 12489 12489 12491 12490 12492 12490 12491 12491 12493 12492 12494 12492 12493 12493 12495 12494 12496 12494 12495 12494 12496 12497 12498 12497 12496 12496 12499 12498 12497 12500 12494 12495 12501 12496 12499 12496 12501 12501 12502 12499 12503 12499 12502 12502 12504 12503 12504 12502 12505 12505 12506 12504 12507 12505 12502 12502 12501 12507 12508 12507 12501 12501 12495 12508 12507 12508 12509 12509 12510 12507 12505 12507 12510 12510 12511 12505 12506 12505 12511 12511 12512 12506 12512 12511 12513 12513 12514 12512 12515 12513 12511 12511 12510 12515 12516 12515 12510 12510 12509 12516 12515 12516 12517 12517 12518 12515 12513 12515 12518 12518 12519 12513 12514 12513 12519 12519 12520 12514 12520 12519 12521 12521 12522 12520 12523 12521 12519 12519 12518 12523 12524 12523 12518 12518 12517 12524 12523 12524 12185 12185 12183 12523 12521 12523 12183 12183 12180 12521 12522 12521 12180 12180 12179 12522 12525 12517 12516 12516 12526 12525 12526 12516 12509 12509 12527 12526 12527 12509 12508 12508 12528 12527 12528 12508 12495 12495 12493 12528 12529 12528 12493 12493 12491 12529 12530 12529 12491 12491 12489 12530 12531 12530 12489 12489 12487 12531 12530 12531 12532 12532 12533 12530 12529 12530 12533 12533 12534 12529 12528 12529 12534 12534 12527 12528 12535 12526 12527 12527 12534 12535 12536 12535 12534 12534 12533 12536 12537 12536 12533 12533 12532 12537 12536 12537 12538 12538 12539 12536 12535 12536 12539 12539 12540 12535 12526 12535 12540 12540 12525 12526 12525 12540 12541 12541 12542 12525 12517 12525 12542 12542 12524 12517 12543 12541 12540 12540 12539 12543 12544 12543 12539 12539 12538 12544 12543 12544 12226 12226 12224 12543 12541 12543 12224 12224 12222 12541 12542 12541 12222 12222 12220 12542 12524 12542 12220 12220 12185 12524 12545 12538 12537 12537 12546 12545 12546 12537 12532 12532 12547 12546 12547 12532 12531 12531 12548 12547 12548 12531 12487 12487 12485 12548 12549 12548 12485 12485 12483 12549 12550 12549 12483 12483 12481 12550 12551 12550 12481 12481 12479 12551 12550 12551 12552 12552 12553 12550 12549 12550 12553 12553 12554 12549 12548 12549 12554 12554 12547 12548 12555 12546 12547 12547 12554 12555 12556 12555 12554 12554 12553 12556 12557 12556 12553 12553 12552 12557 12556 12557 12558 12558 12559 12556 12555 12556 12559 12559 12560 12555 12546 12555 12560 12560 12545 12546 12545 12560 12561 12561 12562 12545 12538 12545 12562 12562 12544 12538 12563 12561 12560 12560 12559 12563 12564 12563 12559 12559 12558 12564 12563 12564 12271 12271 12269 12563 12561 12563 12269 12269 12267 12561 12562 12561 12267 12267 12265 12562 12544 12562 12265 12265 12226 12544 12565 12558 12557 12557 12566 12565 12566 12557 12552 12552 12567 12566 12567 12552 12551 12551 12568 12567 12568 12551 12479 12479 12477 12568 12569 12568 12477 12477 12475 12569 12570 12569 12475 12475 12473 12570 12571 12570 12473 12473 12471 12571 12570 12571 12572 12572 12573 12570 12569 12570 12573 12573 12574 12569 12568 12569 12574 12574 12567 12568 12575 12566 12567 12567 12574 12575 12576 12575 12574 12574 12573 12576 12577 12576 12573 12573 12572 12577 12576 12577 12578 12578 12579 12576 12575 12576 12579 12579 12580 12575 12566 12575 12580 12580 12565 12566 12565 12580 12581 12581 12582 12565 12558 12565 12582 12582 12564 12558 12583 12581 12580 12580 12579 12583 12584 12583 12579 12579 12578 12584 12583 12584 12313 12313 12311 12583 12581 12583 12311 12311 12309 12581 12582 12581 12309 12309 12307 12582 12564 12582 12307 12307 12271 12564 12585 12578 12577 12577 12586 12585 12586 12577 12572 12572 12587 12586 12587 12572 12571 12571 12588 12587 12588 12571 12471 12471 12469 12588 12589 12588 12469 12469 12467 12589 12590 12589 12467 12467 12465 12590 12591 12590 12465 12465 12463 12591 12590 12591 12592 12592 12593 12590 12589 12590 12593 12593 12594 12589 12588 12589 12594 12594 12587 12588 12595 12586 12587 12587 12594 12595 12596 12595 12594 12594 12593 12596 12597 12596 12593 12593 12592 12597 12596 12597 12598 12598 12599 12596 12595 12596 12599 12599 12600 12595 12586 12595 12600 12600 12585 12586 12585 12600 12601 12601 12602 12585 12578 12585 12602 12602 12584 12578 12603 12601 12600 12600 12599 12603 12604 12603 12599 12599 12598 12604 12603 12604 12355 12355 12353 12603 12601 12603 12353 12353 12351 12601 12602 12601 12351 12351 12349 12602 12584 12602 12349 12349 12313 12584 12605 12598 12597 12597 12606 12605 12606 12597 12592 12592 12607 12606 12607 12592 12591 12591 12608 12607 12608 12591 12463 12463 12461 12608 12609 12608 12461 12461 12459 12609 12610 12609 12459 12459 12457 12610 12611 12610 12457 12457 12451 12611 12610 12611 12446 12446 12612 12610 12609 12610 12612 12612 12613 12609 12608 12609 12613 12613 12607 12608 12614 12606 12607 12607 12613 12614 12615 12614 12613 12613 12612 12615 12612 12446 12616 12616 12615 12612 12615 12616 12441 12441 12617 12615 12614 12615 12617 12617 12618 12614 12606 12614 12618 12618 12605 12606 12605 12618 12619 12619 12620 12605 12598 12605 12620 12620 12604 12598 12621 12619 12618 12618 12617 12621 12617 12441 12622 12622 12621 12617 12621 12622 12397 12397 12395 12621 12619 12621 12395 12395 12393 12619 12620 12619 12393 12393 12391 12620 12604 12620 12391 12391 12355 12604 12441 12616 12442 12442 12616 12446 12436 12397 12622 12622 12438 12436 12438 12622 12441 12446 12611 12447 12447 12611 12451 12623 12498 12499 12499 12624 12623 12625 12626 12246 12246 12257 12625 12627 12628 12290 12290 12299 12627 12629 12630 12332 12332 12341 12629 12631 12632 12374 12374 12383 12631 12633 12634 12635 12635 12636 12633 12425 12409 12404 12410 12409 12425 12637 12423 12424 12424 12426 12637 12423 12637 12638 12638 12639 12423 12423 12639 12416 12416 12639 12640 12640 12641 12416 12639 12638 12642 12642 12643 12639 12644 12645 12646 12646 12647 12644 12648 12644 12647 12647 12649 12648 12648 12649 12179 12179 12178 12648 12648 12178 12189 12189 12650 12648 12644 12648 12650 12650 12651 12644 12645 12644 12651 12651 12652 12645 12652 12651 12653 12653 12654 12652 12655 12653 12651 12651 12650 12655 12650 12189 12191 12191 12655 12650 12655 12191 12197 12197 12656 12655 12653 12655 12656 12656 12657 12653 12654 12653 12657 12657 12658 12654 12658 12657 12659 12659 12660 12658 12661 12659 12657 12657 12656 12661 12656 12197 12199 12199 12661 12656 12661 12199 12205 12205 12662 12661 12659 12661 12662 12662 12663 12659 12660 12659 12663 12663 12664 12660 12664 12663 12665 12665 12666 12664 12667 12665 12663 12663 12662 12667 12662 12205 12207 12207 12667 12662 12667 12207 12213 12213 12668 12667 12665 12667 12668 12668 12669 12665 12666 12665 12669 12669 12670 12666 12671 12672 12673 12673 12674 12671 12672 12671 12675 12676 12675 12671 12671 12677 12676 12677 12671 12678 12678 12679 12677 12504 12676 12677 12677 12503 12504 12675 12680 12672 12680 12675 12681 12681 12682 12680 12683 12681 12675 12675 12676 12683 12676 12504 12506 12506 12683 12676 12683 12506 12512 12512 12684 12683 12681 12683 12684 12684 12685 12681 12682 12681 12685 12685 12686 12682 12686 12685 12687 12687 12688 12686 12689 12687 12685 12685 12684 12689 12684 12512 12514 12514 12689 12684 12689 12514 12520 12520 12690 12689 12687 12689 12690 12690 12691 12687 12688 12687 12691 12691 12692 12688 12692 12691 12693 12693 12694 12692 12695 12693 12691 12691 12690 12695 12690 12520 12522 12522 12695 12690 12695 12522 12179 12179 12649 12695 12693 12695 12649 12649 12647 12693 12694 12693 12647 12647 12646 12694 12696 12697 12698 12698 12699 12696 12700 12701 12702 12702 12703 12700 12704 12703 12702 12702 12705 12704 12706 12704 12705 12705 12707 12706 12704 12706 12708 12708 12709 12704 12703 12704 12709 12709 12710 12703 12700 12703 12710 12710 12711 12700 12711 12710 12712 12712 12713 12711 12714 12712 12710 12710 12709 12714 12715 12714 12709 12709 12708 12715 12714 12715 12716 12716 12717 12714 12712 12714 12717 12717 12718 12712 12713 12712 12718 12718 12719 12713 12719 12718 12720 12720 12721 12719 12722 12720 12718 12718 12717 12722 12723 12722 12717 12717 12716 12723 12722 12723 12724 12724 12725 12722 12720 12722 12725 12725 12726 12720 12721 12720 12726 12726 12727 12721 12727 12726 12728 12728 12729 12727 12730 12728 12726 12726 12725 12730 12731 12730 12725 12725 12724 12731 12730 12731 12732 12732 12733 12730 12728 12730 12733 12733 12734 12728 12729 12728 12734 12734 12735 12729 12736 12721 12727 12721 12736 12737 12738 12737 12736 12737 12738 12739 12739 12740 12737 12740 12739 12741 12741 12742 12740 12742 12741 12743 12743 12744 12742 12745 12744 12743 12743 12746 12745 12744 12745 12701 12701 12700 12744 12711 12742 12744 12744 12700 12711 12742 12711 12713 12713 12740 12742 12719 12737 12740 12740 12713 12719 12736 12747 12738 12737 12719 12721 12701 12745 12748 12748 12749 12701 12702 12701 12749 12749 12750 12702 12750 12749 12751 12751 12752 12750 12752 12751 12753 12753 12754 12752 12754 12753 12755 12755 12756 12754 12756 12755 12757 12757 12758 12756 12758 12757 12759 12759 12760 12758 12760 12759 12761 12761 12762 12760 12762 12761 12763 12763 12764 12762 12765 12760 12762 12762 12766 12765 12766 12762 12767 12767 12768 12766 12769 12766 12768 12768 12770 12769 12766 12769 12771 12771 12765 12766 12772 12758 12760 12760 12765 12772 12773 12772 12765 12765 12771 12773 12772 12773 12774 12774 12775 12772 12758 12772 12775 12775 12756 12758 12756 12775 12776 12776 12754 12756 12777 12776 12775 12775 12774 12777 12776 12777 12778 12778 12779 12776 12754 12776 12779 12779 12752 12754 12752 12779 12780 12780 12750 12752 12781 12780 12779 12779 12778 12781 12780 12781 12707 12707 12705 12780 12750 12780 12705 12705 12702 12750 12782 12777 12774 12774 12783 12782 12783 12774 12773 12773 12784 12783 12784 12773 12771 12771 12785 12784 12785 12771 12769 12769 12786 12785 12787 12785 12786 12786 12788 12787 12789 12787 12788 12788 12790 12789 12791 12789 12790 12790 12792 12791 12793 12791 12792 12792 12794 12793 12795 12793 12794 12794 12796 12795 12797 12795 12796 12796 12798 12797 12799 12797 12798 12798 12800 12799 12791 12793 12801 12801 12802 12791 12789 12791 12802 12803 12801 12793 12793 12795 12803 12804 12803 12795 12795 12797 12804 12805 12804 12797 12797 12799 12805 12804 12805 12806 12806 12807 12804 12803 12804 12807 12807 12808 12803 12801 12803 12808 12808 12809 12801 12802 12801 12809 12809 12810 12802 12810 12809 12811 12811 12812 12810 12813 12811 12809 12809 12808 12813 12814 12813 12808 12808 12807 12814 12815 12814 12807 12807 12806 12815 12814 12815 12816 12816 12817 12814 12813 12814 12817 12817 12818 12813 12811 12813 12818 12818 12819 12811 12812 12811 12819 12819 12820 12812 12820 12819 12821 12821 12822 12820 12823 12821 12819 12819 12818 12823 12824 12823 12818 12818 12817 12824 12825 12824 12817 12817 12816 12825 12824 12825 12826 12826 12827 12824 12823 12824 12827 12827 12826 12828 12828 12829 12827 12830 12827 12829 12827 12830 12823 12821 12823 12830 12829 12831 12830 12832 12830 12831 12830 12832 12821 12822 12821 12832 12831 12833 12832 12834 12832 12833 12832 12834 12822 12833 12835 12834 12829 12828 12836 12836 12837 12829 12831 12829 12837 12837 12838 12831 12833 12831 12838 12838 12839 12833 12835 12833 12839 12839 12840 12835 12840 12839 12841 12841 12842 12840 12843 12841 12839 12839 12838 12843 12844 12843 12838 12838 12837 12844 12845 12844 12837 12837 12836 12845 12844 12845 12846 12846 12847 12844 12843 12844 12847 12847 12848 12843 12841 12843 12848 12848 12849 12841 12842 12841 12849 12849 12850 12842 12850 12849 12851 12851 12852 12850 12853 12851 12849 12849 12848 12853 12854 12853 12848 12848 12847 12854 12855 12854 12847 12847 12846 12855 12854 12855 12856 12856 12857 12854 12853 12854 12857 12857 12858 12853 12851 12853 12858 12858 12859 12851 12852 12851 12859 12859 12860 12852 12860 12859 12861 12861 12862 12860 12863 12861 12859 12859 12858 12863 12864 12863 12858 12858 12857 12864 12865 12864 12857 12857 12856 12865 12864 12865 12866 12866 12867 12864 12863 12864 12867 12867 12868 12863 12861 12863 12868 12868 12869 12861 12862 12861 12869 12869 12870 12862 12870 12869 12871 12871 12872 12870 12873 12871 12869 12869 12868 12873 12868 12867 12874 12874 12875 12868 12867 12866 12876 12876 12877 12867 12878 12866 12865 12865 12879 12878 12879 12865 12856 12856 12880 12879 12880 12856 12855 12855 12881 12880 12881 12855 12846 12846 12882 12881 12882 12846 12845 12845 12883 12882 12883 12845 12836 12836 12884 12883 12884 12836 12828 12828 12885 12884 12885 12828 12826 12826 12886 12885 12887 12885 12886 12886 12888 12887 12889 12887 12888 12888 12890 12889 12891 12889 12890 12890 12892 12891 12889 12891 12893 12893 12894 12889 12887 12889 12894 12894 12895 12887 12885 12887 12895 12895 12884 12885 12896 12883 12884 12884 12895 12896 12897 12896 12895 12895 12898 12897 12899 12897 12898 12898 12893 12899 12897 12899 12900 12900 12901 12897 12896 12897 12901 12901 12902 12896 12883 12896 12902 12902 12882 12883 12882 12902 12903 12903 12881 12882 12904 12903 12902 12902 12901 12904 12905 12904 12901 12901 12900 12905 12904 12905 12906 12906 12907 12904 12903 12904 12907 12907 12908 12903 12881 12903 12908 12908 12880 12881 12880 12908 12909 12909 12879 12880 12910 12909 12908 12908 12907 12910 12911 12910 12907 12907 12906 12911 12910 12911 12912 12912 12913 12910 12909 12910 12913 12913 12914 12909 12879 12909 12914 12914 12878 12879 12878 12914 12915 12915 12916 12878 12914 12913 12917 12917 12918 12914 12913 12912 12919 12919 12920 12913 12921 12912 12911 12911 12922 12921 12922 12911 12906 12906 12923 12922 12923 12906 12905 12905 12924 12923 12924 12905 12900 12900 12925 12924 12925 12900 12899 12899 12926 12925 12926 12899 12893 12893 12927 12926 12927 12893 12891 12891 12928 12927 12928 12891 12892 12892 12929 12928 12930 12928 12929 12929 12931 12930 12932 12930 12931 12931 12933 12932 12934 12932 12933 12933 12935 12934 12932 12934 12936 12936 12937 12932 12930 12932 12937 12937 12938 12930 12928 12930 12938 12938 12927 12928 12939 12926 12927 12927 12938 12939 12940 12939 12938 12938 12937 12940 12941 12940 12937 12937 12936 12941 12940 12941 12942 12942 12943 12940 12939 12940 12943 12943 12944 12939 12926 12939 12944 12944 12925 12926 12925 12944 12945 12945 12924 12925 12946 12945 12944 12944 12943 12946 12947 12946 12943 12943 12942 12947 12946 12947 12948 12948 12949 12946 12945 12946 12949 12949 12950 12945 12924 12945 12950 12950 12923 12924 12923 12950 12951 12951 12922 12923 12952 12951 12950 12950 12949 12952 12953 12952 12949 12949 12948 12953 12952 12953 12954 12954 12955 12952 12951 12952 12955 12955 12956 12951 12922 12951 12956 12956 12921 12922 12921 12956 12957 12957 12958 12921 12956 12955 12959 12959 12960 12956 12955 12954 12961 12961 12962 12955 12963 12954 12953 12953 12964 12963 12964 12953 12948 12948 12965 12964 12965 12948 12947 12947 12966 12965 12966 12947 12942 12942 12967 12966 12967 12942 12941 12941 12968 12967 12968 12941 12936 12936 12969 12968 12969 12936 12934 12934 12970 12969 12970 12934 12935 12935 12971 12970 12972 12970 12971 12971 12973 12972 12974 12972 12973 12973 12975 12974 12976 12974 12975 12975 12977 12976 12974 12976 12978 12978 12979 12974 12972 12974 12979 12979 12980 12972 12970 12972 12980 12980 12969 12970 12981 12968 12969 12969 12980 12981 12982 12981 12980 12980 12979 12982 12983 12982 12979 12979 12978 12983 12982 12983 12984 12984 12985 12982 12981 12982 12985 12985 12986 12981 12968 12981 12986 12986 12967 12968 12967 12986 12987 12987 12966 12967 12988 12987 12986 12986 12985 12988 12989 12988 12985 12985 12984 12989 12988 12989 12990 12990 12991 12988 12987 12988 12991 12991 12992 12987 12966 12987 12992 12992 12965 12966 12965 12992 12993 12993 12964 12965 12994 12993 12992 12992 12991 12994 12995 12994 12991 12991 12990 12995 12994 12995 12996 12996 12997 12994 12993 12994 12997 12997 12998 12993 12964 12993 12998 12998 12963 12964 12963 12998 12999 12999 13000 12963 12998 12997 13001 13001 13002 12998 12997 12996 13003 13003 13004 12997 13005 12996 12995 12995 13006 13005 13006 12995 12990 12990 13007 13006 13007 12990 12989 12989 13008 13007 13008 12989 12984 12984 13009 13008 13009 12984 12983 12983 13010 13009 13010 12983 12978 12978 13011 13010 13011 12978 12976 12976 13012 13011 13012 12976 12977 12977 13013 13012 13014 13012 13013 13013 13015 13014 13016 13014 13015 13015 13017 13016 13018 13016 13017 13017 13019 13018 13016 13018 13020 13020 13021 13016 13014 13016 13021 13021 13022 13014 13012 13014 13022 13022 13011 13012 13023 13010 13011 13011 13022 13023 13024 13023 13022 13022 13021 13024 13021 13020 13025 13025 13024 13021 13024 13025 13026 13026 13027 13024 13023 13024 13027 13027 13028 13023 13010 13023 13028 13028 13009 13010 13009 13028 13029 13029 13008 13009 13030 13029 13028 13028 13027 13030 13027 13026 13031 13031 13030 13027 13030 13031 13032 13032 13033 13030 13029 13030 13033 13033 13034 13029 13008 13029 13034 13034 13007 13008 13007 13034 13035 13035 13006 13007 13036 13035 13034 13034 13033 13036 13033 13032 13037 13037 13036 13033 13036 13037 13038 13038 13039 13036 13035 13036 13039 13039 13040 13035 13006 13035 13040 13040 13005 13006 13005 13040 13041 13041 13042 13005 13040 13039 13043 13043 13044 13040 13045 13037 13032 13038 13037 13045 13032 13046 13045 13047 13046 13032 13048 13046 13047 13047 13049 13048 13049 13047 13050 13026 13050 13047 13051 13050 13026 13052 13050 13051 13050 13052 13049 13051 13053 13052 13053 13051 13054 13020 13054 13051 13055 13054 13020 13056 13054 13055 13054 13056 13053 13055 13057 13056 13057 13055 13058 13019 13058 13055 13055 13018 13019 13020 13018 13055 13058 13059 13057 13051 13025 13020 13026 13025 13051 13059 13058 13060 13060 13061 13059 13061 13060 13062 13063 13062 13060 13064 13062 13063 13065 13062 13064 13062 13065 13061 13064 13066 13065 13066 13064 13067 13068 13067 13064 13069 13067 13068 13070 13067 13069 13067 13070 13066 13069 13071 13070 13071 13069 13072 13073 13072 13069 13074 13072 13073 13075 13072 13074 13072 13075 13071 13074 13076 13075 13073 13077 13074 13078 13077 13073 13073 13079 13078 13080 13078 13079 13079 13081 13080 13082 13080 13081 13081 13083 13082 13084 13082 13083 13083 13085 13084 13086 13084 13085 13085 13087 13086 13088 13086 13087 13087 13089 13088 13090 13088 13089 13089 13091 13090 13092 13090 13091 13091 13093 13092 13094 13092 13093 13093 13095 13094 13096 13094 13095 13095 13097 13096 13098 13096 13097 13097 13099 13098 13100 13098 13099 13099 13101 13100 13102 13100 13101 13101 13103 13102 13104 13102 13103 13103 13105 13104 13106 13104 13105 13105 13107 13106 12800 13106 13107 13107 12799 12800 12799 13107 13108 13108 12805 12799 13109 13108 13107 13107 13110 13109 13111 13109 13110 13110 13112 13111 13113 13111 13112 13112 13101 13113 13111 13113 13114 13114 13115 13111 13109 13111 13115 13115 13116 13109 13108 13109 13116 13116 13117 13108 12805 13108 13117 13117 12806 12805 12806 13117 13118 13118 12815 12806 13119 13118 13117 13117 13116 13119 13120 13119 13116 13116 13115 13120 13121 13120 13115 13115 13114 13121 13120 13121 13122 13122 13123 13120 13119 13120 13123 13123 13124 13119 13118 13119 13125 13125 13126 13118 12815 13118 13126 13126 12816 12815 12816 13126 13127 13127 12825 12816 13128 13127 13126 13126 13125 13128 13129 13128 13124 13124 13123 13129 13130 13129 13123 13123 13122 13130 13129 13130 12892 12892 12890 13129 13128 13129 12890 12890 12888 13128 13127 13128 12888 12888 12886 13127 12825 13127 12886 12886 12826 12825 13131 13122 13121 13121 13132 13131 13132 13121 13114 13114 13133 13132 13133 13114 13113 13113 13134 13133 13134 13113 13101 13101 13099 13134 13135 13134 13099 13099 13097 13135 13136 13135 13097 13097 13095 13136 13137 13136 13095 13095 13093 13137 13136 13137 13138 13138 13139 13136 13135 13136 13139 13139 13140 13135 13134 13135 13140 13140 13133 13134 13141 13132 13133 13133 13140 13141 13142 13141 13140 13140 13139 13142 13143 13142 13139 13139 13138 13143 13142 13143 13144 13144 13145 13142 13141 13142 13145 13145 13146 13141 13132 13141 13146 13146 13131 13132 13131 13146 13147 13147 13148 13131 13122 13131 13148 13148 13130 13122 13149 13147 13146 13146 13145 13149 13150 13149 13145 13145 13144 13150 13149 13150 12935 12935 12933 13149 13147 13149 12933 12933 12931 13147 13148 13147 12931 12931 12929 13148 13130 13148 12929 12929 12892 13130 13151 13144 13143 13143 13152 13151 13152 13143 13138 13138 13153 13152 13153 13138 13137 13137 13154 13153 13154 13137 13093 13093 13091 13154 13155 13154 13091 13091 13089 13155 13156 13155 13089 13089 13087 13156 13157 13156 13087 13087 13085 13157 13156 13157 13158 13158 13159 13156 13155 13156 13159 13159 13160 13155 13154 13155 13160 13160 13153 13154 13161 13152 13153 13153 13160 13161 13162 13161 13160 13160 13159 13162 13163 13162 13159 13159 13158 13163 13162 13163 13164 13164 13165 13162 13161 13162 13165 13165 13166 13161 13152 13161 13166 13166 13151 13152 13151 13166 13167 13167 13168 13151 13144 13151 13168 13168 13150 13144 13169 13167 13166 13166 13165 13169 13170 13169 13165 13165 13164 13170 13169 13170 12977 12977 12975 13169 13167 13169 12975 12975 12973 13167 13168 13167 12973 12973 12971 13168 13150 13168 12971 12971 12935 13150 13171 13164 13163 13163 13172 13171 13172 13163 13158 13158 13173 13172 13173 13158 13157 13157 13174 13173 13174 13157 13085 13085 13083 13174 13175 13174 13083 13083 13081 13175 13176 13175 13081 13081 13079 13176 13177 13176 13079 13079 13073 13177 13176 13177 13068 13068 13178 13176 13175 13176 13178 13178 13179 13175 13174 13175 13179 13179 13173 13174 13180 13172 13173 13173 13179 13180 13181 13180 13179 13179 13178 13181 13178 13068 13182 13182 13181 13178 13181 13182 13063 13063 13183 13181 13180 13181 13183 13183 13184 13180 13172 13180 13184 13184 13171 13172 13171 13184 13185 13185 13186 13171 13164 13171 13186 13186 13170 13164 13187 13185 13184 13184 13183 13187 13183 13063 13188 13188 13187 13183 13187 13188 13019 13019 13017 13187 13185 13187 13017 13017 13015 13185 13186 13185 13015 13015 13013 13186 13170 13186 13013 13013 12977 13170 13063 13182 13064 13064 13182 13068 13058 13019 13188 13188 13060 13058 13060 13188 13063 13068 13177 13069 13069 13177 13073 13189 13190 12866 12866 12878 13189 13191 13192 12912 12912 12921 13191 13193 13194 12954 12954 12963 13193 13195 13196 12996 12996 13005 13195 13197 13198 13199 13199 13200 13197 13047 13031 13026 13032 13031 13047 13201 13045 13046 13046 13048 13201 13045 13201 13202 13202 13203 13045 13045 13203 13038 13038 13203 13204 13204 13205 13038 13203 13202 13206 13206 13207 13203 12727 13208 12736 12747 12736 13208 13208 13209 12747 13209 13208 13210 13210 13211 13209 13208 12727 12729 12729 13210 13208 13210 12729 12735 12735 13212 13210 13211 13210 13212 13212 13213 13211 13214 13215 13216 13216 13217 13214 13217 13216 13218 12759 13218 13216 13216 12761 12759 12761 13216 13219 13219 13220 12761 13218 13221 13217 13221 13218 13222 13222 13223 13221 13218 12759 12757 12757 13222 13218 13222 12757 12755 12755 13224 13222 13223 13222 13224 13224 13225 13223 13225 13224 13226 13226 13227 13225 13224 12755 12753 12753 13226 13224 13226 12753 12751 12751 13228 13226 13227 13226 13228 13228 13229 13227 13229 13228 12748 12748 13230 13229 13228 12751 12749 12749 12748 13228 13230 12748 12745 12745 12746 13230 13231 12706 12707 12707 13232 13231 13233 13231 13232 13232 13234 13233 13235 13233 13234 13234 13236 13235 12835 13235 13236 13236 12834 12835 13235 12835 12840 12840 13237 13235 13233 13235 13237 13237 13238 13233 13231 13233 13238 13238 13239 13231 12706 13231 13239 13239 12708 12706 12708 13239 13240 13240 12715 12708 13241 13240 13239 13239 13238 13241 13242 13241 13238 13238 13237 13242 12842 13242 13237 13237 12840 12842 13242 12842 12850 12850 13243 13242 13241 13242 13243 13243 13244 13241 13240 13241 13244 13244 13245 13240 12715 13240 13245 13245 12716 12715 12716 13245 13246 13246 12723 12716 13247 13246 13245 13245 13244 13247 13248 13247 13244 13244 13243 13248 12852 13248 13243 13243 12850 12852 13248 12852 12860 12860 13249 13248 13247 13248 13249 13249 13250 13247 13246 13247 13250 13250 13251 13246 12723 13246 13251 13251 12724 12723 12724 13251 13252 13252 12731 12724 13253 13252 13251 13251 13250 13253 13254 13253 13250 13250 13249 13254 12862 13254 13249 13249 12860 12862 13254 12862 12870 12870 13255 13254 13253 13254 13255 13255 13256 13253 13252 13253 13256 13256 13257 13252 12731 13252 13257 13257 12732 12731 12732 13257 13258 13258 13259 12732 13257 13256 13260 13260 13261 13257 13256 13255 13262 13262 13263 13256 13255 12870 13264 13264 13265 13255 13266 12784 12785 12785 12787 13266 13267 13266 12787 12787 12789 13267 12802 13267 12789 13267 12802 12810 12810 13268 13267 13266 13267 13268 13268 13269 13266 12784 13266 13269 13269 12783 12784 12783 13269 13270 13270 12782 12783 13271 13270 13269 13269 13268 13271 12812 13271 13268 13268 12810 12812 13271 12812 12820 12820 13272 13271 13270 13271 13272 13272 13273 13270 12782 13270 13273 13273 13274 12782 12777 12782 13274 13274 12778 12777 12778 13274 13275 13275 12781 12778 13276 13275 13274 13274 13273 13276 13277 13276 13273 13273 13272 13277 12822 13277 13272 13272 12820 12822 13277 12822 12834 12834 13236 13277 13276 13277 13236 13236 13234 13276 13275 13276 13234 13234 13232 13275 12781 13275 13232 13232 12707 12781 13278 13279 13280 13280 13281 13278 13280 13279 13282 13282 13283 13280 13283 13282 13284 13284 13285 13283 13286 13284 13282 13282 13287 13286 13287 13282 13279 13279 13288 13287 13288 13279 13278 13278 13289 13288 13290 13288 13289 13289 13291 13290 13288 13290 13292 13292 13287 13288 13287 13292 13293 13293 13286 13287 13294 13293 13292 13292 13295 13294 13295 13292 13290 13290 13296 13295 13296 13290 13291 13291 13297 13296 13298 13296 13297 13297 13299 13298 13296 13298 13300 13300 13295 13296 13295 13300 13301 13301 13294 13295 13302 13301 13300 13300 13303 13302 13303 13300 13298 13298 13304 13303 13304 13298 13299 13299 13305 13304 13306 13304 13305 13305 13307 13306 13304 13306 13308 13308 13303 13304 13303 13308 13309 13309 13302 13303 13310 13309 13308 13308 13311 13310 13311 13308 13306 13306 13312 13311 13312 13306 13307 13307 13313 13312 13301 13302 13314 13314 13315 13301 13294 13301 13315 13315 13316 13294 13293 13294 13316 13316 13317 13293 13286 13293 13317 13317 13318 13286 13284 13286 13318 13318 13319 13284 13285 13284 13319 13319 13320 13285 13320 13319 13321 13321 13322 13320 13322 13321 13323 13323 13324 13322 13324 13323 13325 13325 13326 13324 13327 13325 13323 13323 13328 13327 13328 13323 13321 13321 13329 13328 13329 13321 13319 13319 13318 13329 13318 13317 13330 13330 13329 13318 13329 13330 13331 13331 13328 13329 13328 13331 13332 13332 13327 13328 13333 13332 13331 13331 13334 13333 13334 13331 13330 13330 13335 13334 13335 13330 13317 13317 13316 13335 13336 13335 13316 13316 13315 13336 13335 13336 13337 13337 13334 13335 13334 13337 13338 13338 13333 13334 13339 13338 13337 13337 13340 13339 13340 13337 13336 13336 13341 13340 13341 13336 13315 13315 13314 13341 13342 13341 13314 13314 13343 13342 13343 13314 13302 13302 13309 13343 13341 13342 13344 13344 13340 13341 13340 13344 13345 13345 13339 13340 13346 13345 13344 13344 13347 13346 13347 13344 13342 13342 13348 13347 13348 13342 13343 13343 13349 13348 13349 13343 13309 13309 13310 13349 13350 13349 13310 13310 13351 13350 13349 13350 13352 13352 13348 13349 13353 13347 13348 13348 13354 13353 13355 13346 13347 13347 13356 13355 13345 13346 13357 13357 13358 13345 13339 13345 13358 13358 13359 13339 13338 13339 13359 13359 13360 13338 13333 13338 13360 13360 13361 13333 13332 13333 13361 13361 13362 13332 13327 13332 13362 13362 13363 13327 13325 13327 13363 13363 13364 13325 13326 13325 13364 13364 13365 13326 13365 13364 13366 13366 13367 13365 13367 13366 13368 13368 13369 13367 13369 13368 13370 13370 13371 13369 13372 13370 13368 13368 13373 13372 13373 13368 13366 13366 13374 13373 13374 13366 13364 13364 13363 13374 13363 13362 13375 13375 13374 13363 13374 13375 13376 13376 13373 13374 13373 13376 13377 13377 13372 13373 13378 13377 13376 13376 13379 13378 13379 13376 13375 13375 13380 13379 13380 13375 13362 13362 13361 13380 13381 13380 13361 13361 13360 13381 13380 13381 13382 13382 13379 13380 13379 13382 13383 13383 13378 13379 13384 13383 13382 13382 13385 13384 13385 13382 13381 13381 13386 13385 13386 13381 13360 13360 13359 13386 13387 13386 13359 13359 13358 13387 13386 13387 13388 13388 13385 13386 13385 13388 13389 13389 13384 13385 13390 13389 13388 13388 13391 13390 13391 13388 13387 13387 13392 13391 13392 13387 13358 13358 13357 13392 13393 13392 13357 13357 13394 13393 13395 13391 13392 13392 13396 13395 13397 13390 13391 13391 13398 13397 13389 13390 13399 13399 13400 13389 13384 13389 13400 13400 13401 13384 13383 13384 13401 13401 13402 13383 13378 13383 13402 13402 13403 13378 13377 13378 13403 13403 13404 13377 13372 13377 13404 13404 13405 13372 13370 13372 13405 13405 13406 13370 13371 13370 13406 13406 13407 13371 13407 13406 13408 13408 13409 13407 13409 13408 13410 13410 13411 13409 13411 13410 13412 13412 13413 13411 13414 13412 13410 13410 13415 13414 13415 13410 13408 13408 13416 13415 13416 13408 13406 13406 13405 13416 13405 13404 13417 13417 13416 13405 13416 13417 13418 13418 13415 13416 13415 13418 13419 13419 13414 13415 13420 13419 13418 13418 13421 13420 13421 13418 13417 13417 13422 13421 13422 13417 13404 13404 13403 13422 13423 13422 13403 13403 13402 13423 13422 13423 13424 13424 13421 13422 13421 13424 13425 13425 13420 13421 13426 13425 13424 13424 13427 13426 13427 13424 13423 13423 13428 13427 13428 13423 13402 13402 13401 13428 13429 13428 13401 13401 13400 13429 13428 13429 13430 13430 13427 13428 13427 13430 13431 13431 13426 13427 13432 13431 13430 13430 13433 13432 13433 13430 13429 13429 13434 13433 13434 13429 13400 13400 13399 13434 13435 13434 13399 13399 13436 13435 13437 13433 13434 13434 13438 13437 13439 13432 13433 13433 13440 13439 13431 13432 13441 13441 13442 13431 13426 13431 13442 13442 13443 13426 13425 13426 13443 13443 13444 13425 13420 13425 13444 13444 13445 13420 13419 13420 13445 13445 13446 13419 13414 13419 13446 13446 13447 13414 13412 13414 13447 13447 13448 13412 13413 13412 13448 13448 13449 13413 13449 13448 13450 13450 13451 13449 13451 13450 13452 13452 13453 13451 13453 13452 13454 13454 13455 13453 13456 13454 13452 13452 13457 13456 13457 13452 13450 13450 13458 13457 13458 13450 13448 13448 13447 13458 13447 13446 13459 13459 13458 13447 13458 13459 13460 13460 13457 13458 13457 13460 13461 13461 13456 13457 13462 13461 13460 13460 13463 13462 13463 13460 13459 13459 13464 13463 13464 13459 13446 13446 13445 13464 13465 13464 13445 13445 13444 13465 13464 13465 13466 13466 13463 13464 13463 13466 13467 13467 13462 13463 13468 13467 13466 13466 13469 13468 13469 13466 13465 13465 13470 13469 13470 13465 13444 13444 13443 13470 13471 13470 13443 13443 13442 13471 13470 13471 13472 13472 13469 13470 13469 13472 13473 13473 13468 13469 13474 13473 13472 13472 13475 13474 13475 13472 13471 13471 13476 13475 13476 13471 13442 13442 13441 13476 13477 13476 13441 13441 13478 13477 13479 13475 13476 13476 13480 13479 13481 13474 13475 13475 13482 13481 13473 13474 13483 13483 13484 13473 13468 13473 13484 13484 13485 13468 13467 13468 13485 13485 13486 13467 13462 13467 13486 13486 13487 13462 13461 13462 13487 13487 13488 13461 13456 13461 13488 13488 13489 13456 13454 13456 13489 13489 13490 13454 13455 13454 13490 13490 13491 13455 13491 13490 13492 13492 13493 13491 13493 13492 13494 13494 13495 13493 13495 13494 13496 13496 13497 13495 13498 13496 13494 13494 13499 13498 13499 13494 13492 13492 13500 13499 13500 13492 13490 13490 13489 13500 13489 13488 13501 13501 13500 13489 13500 13501 13502 13502 13499 13500 13499 13502 13503 13503 13498 13499 13504 13503 13502 13502 13505 13504 13505 13502 13501 13501 13506 13505 13506 13501 13488 13488 13487 13506 13507 13506 13487 13487 13486 13507 13506 13507 13508 13508 13505 13506 13505 13508 13509 13509 13504 13505 13510 13509 13508 13508 13511 13510 13511 13508 13507 13507 13512 13511 13512 13507 13486 13486 13485 13512 13513 13512 13485 13485 13484 13513 13512 13513 13514 13514 13511 13512 13511 13514 13515 13515 13510 13511 13516 13515 13514 13514 13517 13516 13517 13514 13513 13513 13518 13517 13518 13513 13484 13484 13483 13518 13519 13518 13483 13483 13520 13519 13521 13517 13518 13518 13522 13521 13510 13515 13523 13523 13515 13516 13516 13524 13523 13523 13524 13525 13525 13526 13523 13523 13526 13527 13527 13528 13523 13529 13528 13527 13527 13530 13529 13529 13530 13531 13531 13532 13529 13533 13532 13531 13531 13534 13533 13533 13534 13535 13535 13536 13533 13537 13536 13535 13535 13538 13537 13537 13538 13539 13539 13540 13537 13537 13540 13497 13497 13496 13537 13537 13496 13498 13498 13536 13537 13533 13536 13498 13498 13503 13533 13533 13503 13504 13504 13532 13533 13529 13532 13504 13504 13509 13529 13529 13509 13510 13510 13528 13529 13523 13528 13510 13541 13540 13539 13539 13542 13541 13541 13542 13543 13543 13544 13541 13545 13544 13543 13543 13546 13545 13545 13546 13547 13547 13548 13545 13549 13548 13547 13547 13550 13549 13549 13550 13551 13551 13552 13549 13553 13552 13551 13551 13554 13553 13555 13552 13553 13549 13552 13555 13553 13556 13555 13555 13556 13557 13557 13558 13555 13558 13557 13559 13559 13560 13558 13560 13559 13561 13561 13562 13560 13562 13561 13563 13563 13564 13562 13564 13563 13565 13565 13566 13564 13566 13565 13567 13567 13568 13566 13568 13567 13569 13569 13570 13568 13570 13569 13571 13571 13572 13570 13572 13571 13573 13573 13574 13572 13574 13573 13575 13575 13576 13574 13576 13575 13577 13577 13578 13576 13578 13577 13579 13579 13580 13578 13580 13579 13581 13581 13582 13580 13582 13581 13583 13583 13584 13582 13584 13583 13585 13585 13586 13584 13586 13585 13587 13587 13588 13586 13588 13587 13589 13589 13590 13588 13590 13589 13591 13591 13592 13590 13592 13591 13593 13593 13594 13592 13594 13593 13595 13595 13596 13594 13596 13595 13597 13598 13597 13595 13597 13598 13599 13599 13600 13597 13595 13601 13598 13597 13602 13596 13602 13597 13600 13600 13603 13602 13603 13600 13604 13604 13605 13603 13606 13603 13605 13605 13607 13606 13603 13606 13608 13608 13602 13603 13602 13608 13609 13609 13596 13602 13610 13609 13608 13608 13611 13610 13611 13608 13606 13606 13612 13611 13612 13606 13607 13607 13613 13612 13614 13612 13613 13613 13615 13614 13612 13614 13616 13616 13611 13612 13611 13616 13617 13617 13610 13611 13618 13617 13616 13616 13619 13618 13619 13616 13614 13614 13620 13619 13620 13614 13615 13615 13621 13620 13622 13620 13621 13621 13623 13622 13620 13622 13624 13624 13619 13620 13619 13624 13625 13625 13618 13619 13285 13625 13624 13624 13283 13285 13283 13624 13622 13622 13280 13283 13280 13622 13623 13623 13281 13280 13617 13618 13626 13626 13627 13617 13610 13617 13627 13627 13628 13610 13609 13610 13628 13628 13629 13609 13596 13609 13629 13629 13594 13596 13594 13629 13630 13630 13592 13594 13592 13630 13631 13631 13590 13592 13590 13631 13632 13632 13588 13590 13633 13632 13631 13631 13634 13633 13634 13631 13630 13630 13635 13634 13635 13630 13629 13629 13628 13635 13628 13627 13636 13636 13635 13628 13635 13636 13637 13637 13634 13635 13634 13637 13638 13638 13633 13634 13639 13638 13637 13637 13640 13639 13640 13637 13636 13636 13641 13640 13641 13636 13627 13627 13626 13641 13642 13641 13626 13626 13643 13642 13643 13626 13618 13618 13625 13643 13641 13642 13644 13644 13640 13641 13640 13644 13645 13645 13639 13640 13326 13645 13644 13644 13324 13326 13324 13644 13642 13642 13322 13324 13322 13642 13643 13643 13320 13322 13320 13643 13625 13625 13285 13320 13638 13639 13646 13639 13645 13647 13647 13646 13639 13646 13647 13648 13648 13649 13646 13650 13646 13649 13649 13651 13650 13652 13650 13651 13650 13652 13633 13632 13633 13652 13652 13653 13632 13588 13632 13653 13653 13586 13588 13586 13653 13654 13654 13584 13586 13584 13654 13655 13655 13582 13584 13582 13655 13656 13656 13580 13582 13657 13656 13655 13655 13658 13657 13658 13655 13654 13654 13659 13658 13659 13654 13653 13653 13652 13659 13651 13659 13652 13659 13651 13660 13660 13658 13659 13658 13660 13661 13661 13657 13658 13662 13661 13660 13660 13663 13662 13663 13660 13651 13651 13649 13663 13664 13663 13649 13649 13648 13664 13663 13664 13665 13665 13662 13663 13371 13665 13664 13664 13369 13371 13369 13664 13648 13648 13367 13369 13367 13648 13647 13647 13365 13367 13365 13647 13645 13645 13326 13365 13661 13662 13666 13666 13667 13661 13657 13661 13667 13667 13668 13657 13656 13657 13668 13668 13669 13656 13580 13656 13669 13669 13578 13580 13578 13669 13670 13670 13576 13578 13576 13670 13671 13671 13574 13576 13574 13671 13672 13672 13572 13574 13673 13672 13671 13671 13674 13673 13674 13671 13670 13670 13675 13674 13675 13670 13669 13669 13668 13675 13676 13675 13668 13668 13667 13676 13675 13676 13677 13677 13674 13675 13674 13677 13678 13678 13673 13674 13679 13678 13677 13677 13680 13679 13680 13677 13676 13676 13681 13680 13681 13676 13667 13667 13666 13681 13682 13681 13666 13666 13683 13682 13683 13666 13662 13662 13665 13683 13681 13682 13684 13684 13680 13681 13680 13684 13685 13685 13679 13680 13413 13685 13684 13684 13411 13413 13411 13684 13682 13682 13409 13411 13409 13682 13683 13683 13407 13409 13407 13683 13665 13665 13371 13407 13678 13679 13686 13679 13685 13687 13687 13686 13679 13686 13687 13688 13688 13689 13686 13690 13686 13689 13689 13691 13690 13692 13690 13691 13690 13692 13673 13672 13673 13692 13692 13693 13672 13572 13672 13693 13693 13570 13572 13570 13693 13694 13694 13568 13570 13568 13694 13695 13695 13566 13568 13566 13695 13696 13696 13564 13566 13697 13696 13695 13695 13698 13697 13698 13695 13694 13694 13699 13698 13699 13694 13693 13693 13692 13699 13691 13699 13692 13699 13691 13700 13700 13698 13699 13698 13700 13701 13701 13697 13698 13702 13701 13700 13700 13703 13702 13703 13700 13691 13691 13689 13703 13704 13703 13689 13689 13688 13704 13703 13704 13705 13705 13702 13703 13455 13705 13704 13704 13453 13455 13453 13704 13688 13688 13451 13453 13451 13688 13687 13687 13449 13451 13449 13687 13685 13685 13413 13449 13701 13702 13706 13706 13707 13701 13697 13701 13707 13707 13708 13697 13696 13697 13708 13708 13709 13696 13564 13696 13709 13709 13562 13564 13562 13709 13710 13710 13560 13562 13560 13710 13711 13711 13558 13560 13558 13711 13712 13712 13555 13558 13713 13712 13711 13711 13714 13713 13714 13711 13710 13710 13715 13714 13715 13710 13709 13709 13708 13715 13716 13715 13708 13708 13707 13716 13715 13716 13717 13717 13714 13715 13714 13717 13718 13718 13713 13714 13719 13718 13717 13717 13720 13719 13720 13717 13716 13716 13721 13720 13721 13716 13707 13707 13706 13721 13722 13721 13706 13706 13723 13722 13723 13706 13702 13702 13705 13723 13721 13722 13724 13724 13720 13721 13720 13724 13725 13725 13719 13720 13497 13725 13724 13724 13495 13497 13495 13724 13722 13722 13493 13495 13493 13722 13723 13723 13491 13493 13491 13723 13705 13705 13455 13491 13545 13718 13719 13713 13718 13545 13545 13548 13713 13713 13548 13549 13549 13712 13713 13555 13712 13549 13725 13497 13540 13540 13541 13725 13719 13725 13541 13719 13544 13545 13541 13544 13719 13726 13727 13600 13600 13599 13726 13346 13728 13729 13729 13357 13346 13633 13638 13650 13646 13650 13638 13390 13730 13731 13731 13399 13390 13432 13732 13733 13733 13441 13432 13673 13678 13690 13686 13690 13678 13474 13734 13735 13735 13483 13474 13736 13737 13738 13738 13739 13736 13516 13740 13741 13741 13524 13516 13525 13524 13742 13742 13743 13525 13744 13745 13746 13746 13747 13744 13747 13746 13748 13748 13749 13747 13281 13749 13748 13748 13278 13281 13289 13278 13748 13748 13750 13289 13750 13748 13746 13746 13751 13750 13752 13751 13746 13746 13745 13752 13753 13751 13752 13752 13754 13753 13751 13753 13755 13755 13750 13751 13750 13755 13291 13291 13289 13750 13297 13291 13755 13755 13756 13297 13756 13755 13753 13753 13757 13756 13758 13757 13753 13753 13754 13758 13759 13757 13758 13758 13760 13759 13757 13759 13761 13761 13756 13757 13756 13761 13299 13299 13297 13756 13305 13299 13761 13761 13762 13305 13762 13761 13759 13759 13763 13762 13764 13763 13759 13759 13760 13764 13765 13763 13764 13764 13766 13765 13763 13765 13767 13767 13762 13763 13762 13767 13307 13307 13305 13762 13313 13307 13767 13767 13768 13313 13768 13767 13765 13765 13769 13768 13770 13769 13765 13765 13766 13770 13771 13772 13773 13773 13774 13771 13773 13772 13775 13775 13776 13773 13773 13776 13777 13777 13778 13773 13779 13773 13778 13778 13780 13779 13778 13777 13605 13605 13604 13778 13781 13776 13775 13775 13782 13781 13776 13781 13783 13783 13777 13776 13777 13783 13607 13607 13605 13777 13613 13607 13783 13783 13784 13613 13784 13783 13781 13781 13785 13784 13786 13785 13781 13781 13782 13786 13787 13785 13786 13786 13788 13787 13785 13787 13789 13789 13784 13785 13784 13789 13615 13615 13613 13784 13621 13615 13789 13789 13790 13621 13790 13789 13787 13787 13791 13790 13792 13791 13787 13787 13788 13792 13793 13791 13792 13792 13794 13793 13791 13793 13795 13795 13790 13791 13790 13795 13623 13623 13621 13790 13281 13623 13795 13795 13749 13281 13749 13795 13793 13793 13747 13749 13744 13747 13793 13793 13794 13744 13796 13797 13798 13798 13799 13796 13800 13801 13802 13802 13803 13800 13802 13801 13804 13804 13805 13802 13805 13804 13806 13806 13807 13805 13808 13806 13804 13804 13809 13808 13809 13804 13801 13801 13810 13809 13810 13801 13800 13800 13811 13810 13812 13810 13811 13811 13813 13812 13810 13812 13814 13814 13809 13810 13809 13814 13815 13815 13808 13809 13816 13815 13814 13814 13817 13816 13817 13814 13812 13812 13818 13817 13818 13812 13813 13813 13819 13818 13820 13818 13819 13819 13821 13820 13818 13820 13822 13822 13817 13818 13817 13822 13823 13823 13816 13817 13824 13823 13822 13822 13825 13824 13825 13822 13820 13820 13826 13825 13826 13820 13821 13821 13827 13826 13828 13826 13827 13827 13829 13828 13826 13828 13830 13830 13825 13826 13825 13830 13831 13831 13824 13825 13832 13831 13830 13830 13833 13832 13833 13830 13828 13828 13834 13833 13834 13828 13829 13829 13835 13834 13827 13821 13836 13837 13836 13821 13836 13837 13838 13839 13838 13837 13837 13840 13839 13841 13839 13840 13840 13842 13841 13843 13841 13842 13842 13844 13843 13843 13844 13845 13845 13846 13843 13803 13845 13844 13844 13800 13803 13811 13800 13844 13844 13842 13811 13842 13840 13813 13813 13811 13842 13819 13813 13840 13840 13837 13819 13821 13819 13837 13847 13845 13803 13803 13848 13847 13848 13803 13802 13802 13849 13848 13850 13848 13849 13849 13851 13850 13852 13850 13851 13851 13853 13852 13854 13852 13853 13853 13855 13854 13856 13854 13855 13855 13857 13856 13858 13856 13857 13857 13859 13858 13860 13858 13859 13859 13861 13860 13862 13860 13861 13861 13863 13862 13861 13859 13864 13864 13865 13861 13866 13861 13865 13865 13867 13866 13865 13864 13868 13868 13869 13865 13870 13865 13869 13869 13871 13870 13859 13857 13872 13872 13864 13859 13864 13872 13873 13873 13868 13864 13874 13873 13872 13872 13875 13874 13875 13872 13857 13857 13855 13875 13876 13875 13855 13855 13853 13876 13875 13876 13877 13877 13874 13875 13878 13877 13876 13876 13879 13878 13879 13876 13853 13853 13851 13879 13880 13879 13851 13851 13849 13880 13879 13880 13881 13881 13878 13879 13807 13881 13880 13880 13805 13807 13805 13880 13849 13849 13802 13805 13874 13877 13882 13883 13882 13877 13877 13878 13883 13882 13883 13884 13884 13885 13882 13886 13882 13885 13882 13886 13874 13873 13874 13886 13886 13887 13873 13868 13873 13887 13887 13888 13868 13869 13868 13888 13888 13889 13869 13889 13888 13890 13890 13891 13889 13891 13890 13892 13892 13893 13891 13893 13892 13894 13894 13895 13893 13895 13894 13896 13896 13897 13895 13897 13896 13898 13898 13899 13897 13899 13898 13900 13900 13901 13899 13901 13900 13902 13902 13903 13901 13904 13896 13894 13894 13905 13904 13905 13894 13892 13896 13904 13906 13906 13898 13896 13898 13906 13907 13907 13900 13898 13900 13907 13908 13908 13902 13900 13909 13908 13907 13907 13910 13909 13910 13907 13906 13906 13911 13910 13911 13906 13904 13904 13912 13911 13912 13904 13905 13905 13913 13912 13914 13912 13913 13913 13915 13914 13912 13914 13916 13916 13911 13912 13911 13916 13917 13917 13910 13911 13910 13917 13918 13918 13909 13910 13919 13918 13917 13917 13920 13919 13920 13917 13916 13916 13921 13920 13921 13916 13914 13914 13922 13921 13922 13914 13915 13915 13923 13922 13924 13922 13923 13923 13925 13924 13922 13924 13926 13926 13921 13922 13921 13926 13927 13927 13920 13921 13920 13927 13928 13928 13919 13920 13929 13928 13927 13927 13930 13929 13930 13927 13926 13931 13929 13930 13930 13932 13931 13932 13930 13933 13926 13933 13930 13933 13926 13924 13933 13934 13932 13934 13933 13935 13924 13935 13933 13935 13924 13925 13935 13936 13934 13936 13935 13937 13925 13937 13935 13937 13938 13936 13939 13931 13932 13932 13940 13939 13940 13932 13934 13934 13941 13940 13941 13934 13936 13936 13942 13941 13942 13936 13938 13938 13943 13942 13944 13942 13943 13943 13945 13944 13942 13944 13946 13946 13941 13942 13941 13946 13947 13947 13940 13941 13940 13947 13948 13948 13939 13940 13949 13948 13947 13947 13950 13949 13950 13947 13946 13946 13951 13950 13951 13946 13944 13944 13952 13951 13952 13944 13945 13945 13953 13952 13954 13952 13953 13953 13955 13954 13952 13954 13956 13956 13951 13952 13951 13956 13957 13957 13950 13951 13950 13957 13958 13958 13949 13950 13959 13958 13957 13957 13960 13959 13960 13957 13956 13956 13961 13960 13961 13956 13954 13954 13962 13961 13962 13954 13955 13955 13963 13962 13964 13962 13963 13963 13965 13964 13962 13964 13966 13966 13961 13962 13961 13966 13967 13967 13960 13961 13960 13967 13968 13968 13959 13960 13969 13968 13967 13967 13970 13969 13970 13967 13966 13966 13971 13970 13971 13966 13964 13964 13972 13971 13972 13964 13965 13965 13973 13972 13974 13972 13973 13973 13975 13974 13972 13974 13976 13976 13971 13972 13977 13970 13971 13971 13978 13977 13979 13969 13970 13970 13980 13979 13968 13969 13981 13981 13982 13968 13959 13968 13982 13982 13983 13959 13958 13959 13983 13983 13984 13958 13949 13958 13984 13984 13985 13949 13948 13949 13985 13985 13986 13948 13939 13948 13986 13986 13987 13939 13931 13939 13987 13987 13988 13931 13929 13931 13988 13988 13989 13929 13989 13988 13990 13990 13991 13989 13991 13990 13992 13992 13993 13991 13993 13992 13994 13994 13995 13993 13996 13994 13992 13992 13997 13996 13997 13992 13990 13990 13998 13997 13998 13990 13988 13988 13987 13998 13987 13986 13999 13999 13998 13987 13998 13999 14000 14000 14001 13998 14001 14000 14002 14002 13996 14001 14003 14002 14000 14000 14004 14003 14004 14000 13999 13999 14005 14004 14005 13999 13986 13986 13985 14005 14006 14005 13985 13985 13984 14006 14005 14006 14007 14007 14004 14005 14004 14007 14008 14008 14003 14004 14009 14008 14007 14007 14010 14009 14010 14007 14006 14006 14011 14010 14011 14006 13984 13984 13983 14011 14012 14011 13983 13983 13982 14012 14011 14012 14013 14013 14010 14011 14010 14013 14014 14014 14009 14010 14015 14014 14013 14013 14016 14015 14016 14013 14012 14012 14017 14016 14017 14012 13982 13982 13981 14017 14018 14017 13981 13981 14019 14018 14020 14016 14017 14017 14021 14020 14022 14015 14016 14016 14023 14022 14014 14015 14024 14024 14025 14014 14009 14014 14025 14025 14026 14009 14008 14009 14026 14026 14027 14008 14003 14008 14027 14027 14028 14003 14002 14003 14028 14028 14029 14002 13996 14002 14029 14029 14030 13996 13994 13996 14030 14030 14031 13994 13995 13994 14031 14031 14032 13995 14032 14031 14033 14033 14034 14032 14034 14033 14035 14035 14036 14034 14036 14035 14037 14037 14038 14036 14039 14037 14035 14035 14040 14039 14040 14035 14033 14033 14041 14040 14041 14033 14031 14031 14030 14041 14030 14029 14042 14042 14041 14030 14041 14042 14043 14043 14040 14041 14040 14043 14044 14044 14039 14040 14045 14044 14043 14043 14046 14045 14046 14043 14042 14042 14047 14046 14047 14042 14029 14029 14028 14047 14048 14047 14028 14028 14027 14048 14047 14048 14049 14049 14046 14047 14046 14049 14050 14050 14045 14046 14051 14050 14049 14049 14052 14051 14052 14049 14048 14048 14053 14052 14053 14048 14027 14027 14026 14053 14054 14053 14026 14026 14025 14054 14053 14054 14055 14055 14052 14053 14052 14055 14056 14056 14051 14052 14057 14056 14055 14055 14058 14057 14058 14055 14054 14054 14059 14058 14059 14054 14025 14025 14024 14059 14060 14059 14024 14024 14061 14060 14062 14058 14059 14059 14063 14062 14064 14057 14058 14058 14065 14064 14056 14057 14066 14066 14067 14056 14051 14056 14067 14067 14068 14051 14050 14051 14068 14068 14069 14050 14045 14050 14069 14069 14070 14045 14044 14045 14070 14070 14071 14044 14039 14044 14071 14071 14072 14039 14037 14039 14072 14072 14073 14037 14038 14037 14073 14073 14074 14038 14074 14073 14075 14075 14076 14074 14076 14075 14077 14077 14078 14076 14078 14077 14079 14079 14080 14078 14081 14079 14077 14077 14082 14081 14082 14077 14075 14075 14083 14082 14083 14075 14073 14073 14072 14083 14072 14071 14084 14084 14083 14072 14083 14084 14085 14085 14082 14083 14082 14085 14086 14086 14081 14082 14087 14086 14085 14085 14088 14087 14088 14085 14084 14084 14089 14088 14089 14084 14071 14071 14070 14089 14090 14089 14070 14070 14069 14090 14089 14090 14091 14091 14088 14089 14088 14091 14092 14092 14087 14088 14093 14092 14091 14091 14094 14093 14094 14091 14090 14090 14095 14094 14095 14090 14069 14069 14068 14095 14096 14095 14068 14068 14067 14096 14095 14096 14097 14097 14094 14095 14094 14097 14098 14098 14093 14094 14099 14098 14097 14097 14100 14099 14100 14097 14096 14096 14101 14100 14101 14096 14067 14067 14066 14101 14102 14101 14066 14066 14103 14102 14104 14100 14101 14101 14105 14104 14106 14099 14100 14100 14107 14106 14098 14099 14108 14108 14109 14098 14093 14098 14109 14109 14110 14093 14092 14093 14110 14110 14111 14092 14087 14092 14111 14111 14112 14087 14086 14087 14112 14112 14113 14086 14081 14086 14113 14113 14114 14081 14079 14081 14114 14114 14115 14079 14080 14079 14115 14115 14116 14080 14116 14115 14117 14117 14118 14116 14118 14117 14119 14119 14120 14118 14120 14119 14121 14121 14122 14120 14123 14121 14119 14119 14124 14123 14124 14119 14117 14117 14125 14124 14125 14117 14115 14115 14114 14125 14114 14113 14126 14126 14125 14114 14125 14126 14127 14127 14124 14125 14124 14127 14128 14128 14123 14124 14129 14128 14127 14127 14130 14129 14130 14127 14126 14126 14131 14130 14131 14126 14113 14113 14112 14131 14132 14131 14112 14112 14111 14132 14131 14132 14133 14133 14130 14131 14130 14133 14134 14134 14129 14130 14135 14134 14133 14133 14136 14135 14136 14133 14132 14132 14137 14136 14137 14132 14111 14111 14110 14137 14138 14137 14110 14110 14109 14138 14137 14138 14139 14139 14136 14137 14136 14139 14140 14140 14135 14136 14141 14140 14139 14139 14142 14141 14142 14139 14138 14138 14143 14142 14143 14138 14109 14109 14108 14143 14144 14143 14108 14108 14145 14144 14146 14142 14143 14143 14147 14146 14135 14140 14148 14148 14140 14141 14141 14149 14148 14148 14149 14150 14150 14151 14148 14148 14151 14152 14152 14153 14148 14154 14153 14152 14152 14155 14154 14154 14155 14156 14156 14157 14154 14158 14157 14156 14156 14159 14158 14158 14159 14160 14160 14161 14158 14162 14161 14160 14160 14163 14162 14162 14163 14164 14164 14165 14162 14162 14165 14122 14122 14121 14162 14162 14121 14123 14123 14161 14162 14158 14161 14123 14123 14128 14158 14158 14128 14129 14129 14157 14158 14154 14157 14129 14129 14134 14154 14154 14134 14135 14135 14153 14154 14148 14153 14135 14166 14165 14164 14164 14167 14166 14166 14167 14168 14168 14169 14166 14170 14169 14168 14168 14171 14170 14170 14171 14172 14172 14173 14170 14174 14173 14172 14172 14175 14174 14174 14175 14176 14176 14177 14174 14178 14177 14176 14176 14179 14178 14180 14177 14178 14174 14177 14180 14178 14181 14180 14180 14181 14182 14182 14183 14180 14183 14182 14184 14184 14185 14183 14185 14184 14186 14186 14187 14185 14187 14186 14188 14188 14189 14187 14189 14188 14190 14190 14191 14189 14191 14190 14192 14192 14193 14191 14193 14192 14194 14194 14195 14193 14195 14194 14196 14196 14197 14195 14197 14196 14198 14198 14199 14197 14199 14198 14200 14200 14201 14199 14201 14200 14202 14202 14203 14201 14203 14202 14204 14204 14205 14203 14205 14204 14206 14206 14207 14205 14207 14206 14208 14208 14209 14207 14209 14208 14210 14210 14211 14209 14211 14210 13903 13903 13902 14211 14212 14211 13902 13902 13908 14212 14211 14212 14213 14213 14214 14211 14214 14213 14215 14215 14216 14214 14216 14215 14217 14217 14205 14216 14218 14217 14215 14215 14219 14218 14219 14215 14213 14213 14220 14219 14220 14213 14212 14212 14221 14220 14221 14212 13908 13908 13909 14221 14222 14221 13909 13909 13918 14222 14221 14222 14223 14223 14220 14221 14220 14223 14224 14224 14219 14220 14219 14224 14225 14225 14218 14219 14226 14225 14224 14224 14227 14226 14227 14224 14223 14223 14228 14227 14229 14223 14222 14222 14230 14229 14230 14222 13918 13918 13919 14230 14231 14230 13919 13919 13928 14231 14230 14231 14232 14232 14229 14230 14228 14232 14233 14233 14227 14228 14227 14233 14234 14234 14226 14227 13995 14234 14233 14233 13993 13995 13993 14233 14232 14232 13991 13993 13991 14232 14231 14231 13989 13991 13989 14231 13928 13928 13929 13989 14225 14226 14235 14226 14234 14236 14236 14235 14226 14235 14236 14237 14237 14238 14235 14239 14235 14238 14238 14240 14239 14241 14239 14240 14239 14241 14218 14217 14218 14241 14241 14242 14217 14205 14217 14242 14242 14203 14205 14203 14242 14243 14243 14201 14203 14201 14243 14244 14244 14199 14201 14199 14244 14245 14245 14197 14199 14246 14245 14244 14244 14247 14246 14247 14244 14243 14243 14248 14247 14248 14243 14242 14242 14241 14248 14240 14248 14241 14248 14240 14249 14249 14247 14248 14247 14249 14250 14250 14246 14247 14251 14250 14249 14249 14252 14251 14252 14249 14240 14240 14238 14252 14253 14252 14238 14238 14237 14253 14252 14253 14254 14254 14251 14252 14038 14254 14253 14253 14036 14038 14036 14253 14237 14237 14034 14036 14034 14237 14236 14236 14032 14034 14032 14236 14234 14234 13995 14032 14250 14251 14255 14255 14256 14250 14246 14250 14256 14256 14257 14246 14245 14246 14257 14257 14258 14245 14197 14245 14258 14258 14195 14197 14195 14258 14259 14259 14193 14195 14193 14259 14260 14260 14191 14193 14191 14260 14261 14261 14189 14191 14262 14261 14260 14260 14263 14262 14263 14260 14259 14259 14264 14263 14264 14259 14258 14258 14257 14264 14265 14264 14257 14257 14256 14265 14264 14265 14266 14266 14263 14264 14263 14266 14267 14267 14262 14263 14268 14267 14266 14266 14269 14268 14269 14266 14265 14265 14270 14269 14270 14265 14256 14256 14255 14270 14271 14270 14255 14255 14272 14271 14272 14255 14251 14251 14254 14272 14270 14271 14273 14273 14269 14270 14269 14273 14274 14274 14268 14269 14080 14274 14273 14273 14078 14080 14078 14273 14271 14271 14076 14078 14076 14271 14272 14272 14074 14076 14074 14272 14254 14254 14038 14074 14267 14268 14275 14268 14274 14276 14276 14275 14268 14275 14276 14277 14277 14278 14275 14279 14275 14278 14278 14280 14279 14281 14279 14280 14279 14281 14262 14261 14262 14281 14281 14282 14261 14189 14261 14282 14282 14187 14189 14187 14282 14283 14283 14185 14187 14185 14283 14284 14284 14183 14185 14183 14284 14285 14285 14180 14183 14286 14285 14284 14284 14287 14286 14287 14284 14283 14283 14288 14287 14288 14283 14282 14282 14281 14288 14280 14288 14281 14288 14280 14289 14289 14287 14288 14287 14289 14290 14290 14286 14287 14291 14290 14289 14289 14292 14291 14292 14289 14280 14280 14278 14292 14293 14292 14278 14278 14277 14293 14292 14293 14294 14294 14291 14292 14122 14294 14293 14293 14120 14122 14120 14293 14277 14277 14118 14120 14118 14277 14276 14276 14116 14118 14116 14276 14274 14274 14080 14116 14170 14290 14291 14286 14290 14170 14170 14173 14286 14286 14173 14174 14174 14285 14286 14180 14285 14174 14294 14122 14165 14165 14166 14294 14291 14294 14166 14291 14169 14170 14166 14169 14291 13969 14295 14296 14296 13981 13969 14015 14297 14298 14298 14024 14015 14218 14225 14239 14235 14239 14225 14057 14299 14300 14300 14066 14057 14099 14301 14302 14302 14108 14099 14303 14304 14305 14305 14306 14303 14262 14267 14279 14275 14279 14267 14141 14307 14308 14308 14149 14141 14150 14149 14309 14309 14310 14150 13838 14311 13836 14312 13836 14311 13836 14312 13827 14311 14313 14312 14314 14312 14313 14313 14315 14314 14312 14314 13829 13829 13827 14312 13835 13829 14314 14314 14316 13835 14316 14314 14315 14315 14317 14316 14318 14319 14320 14320 14321 14318 14322 14320 14319 14320 14322 13858 13858 13860 14320 14323 14320 13860 13860 14324 14323 14319 14325 14322 14326 14322 14325 14325 14327 14326 14322 14326 13856 13856 13858 14322 13854 13856 14326 14326 14328 13854 14328 14326 14327 14327 14329 14328 14330 14328 14329 14329 14331 14330 14328 14330 13852 13852 13854 14328 13850 13852 14330 14330 14332 13850 14332 14330 14331 14331 14333 14332 13847 14332 14333 14333 14334 13847 14332 13847 13848 13848 13850 14332 13845 13847 14334 14334 13846 13845 13807 13806 14335 14335 14336 13807 14336 14335 14337 14337 14338 14336 14338 14337 14339 14339 14340 14338 14340 14339 13938 13938 13937 14340 13943 13938 14339 14339 14341 13943 14341 14339 14337 14337 14342 14341 14342 14337 14335 14335 14343 14342 14343 14335 13806 13806 13808 14343 14344 14343 13808 13808 13815 14344 14343 14344 14345 14345 14342 14343 14342 14345 14346 14346 14341 14342 14341 14346 13945 13945 13943 14341 13953 13945 14346 14346 14347 13953 14347 14346 14345 14345 14348 14347 14348 14345 14344 14344 14349 14348 14349 14344 13815 13815 13816 14349 14350 14349 13816 13816 13823 14350 14349 14350 14351 14351 14348 14349 14348 14351 14352 14352 14347 14348 14347 14352 13955 13955 13953 14347 13963 13955 14352 14352 14353 13963 14353 14352 14351 14351 14354 14353 14354 14351 14350 14350 14355 14354 14355 14350 13823 13823 13824 14355 14356 14355 13824 13824 13831 14356 14355 14356 14357 14357 14354 14355 14354 14357 14358 14358 14353 14354 14353 14358 13965 13965 13963 14353 13973 13965 14358 14358 14359 13973 14359 14358 14357 14357 14360 14359 14360 14357 14356 14356 14361 14360 14361 14356 13831 13831 13832 14361 14362 14361 13832 13832 14363 14362 14364 14360 14361 14361 14365 14364 14366 14359 14360 14360 14367 14366 14368 13973 14359 14359 14369 14368 13888 13887 14370 14370 13890 13888 13890 14370 14371 14371 13892 13890 13892 14371 13905 13913 13905 14371 14371 14372 13913 14372 14371 14370 14370 14373 14372 14373 14370 13887 13887 13886 14373 13885 14373 13886 14373 13885 14374 14374 14372 14373 14372 14374 13915 13915 13913 14372 13923 13915 14374 14374 14375 13923 14375 14374 13885 13885 13884 14375 14376 14375 13884 13884 14377 14376 14377 13884 13883 13883 14378 14377 14378 13883 13878 13878 13881 14378 14375 14376 13925 13925 13923 14375 13937 13925 14376 14376 14340 13937 14340 14376 14377 14377 14338 14340 14338 14377 14378 14378 14336 14338 14336 14378 13881 13881 13807 14336 14379 14380 14381 14381 14382 14379 14383 14379 14382 14382 14384 14383 14385 14383 14384 14384 14386 14385 14387 14385 14386 14386 14388 14387 14389 14387 14388 14388 14390 14389 14391 14389 14390 14390 14392 14391 14393 14394 14395 14395 14396 14393 14397 14398 14399 14400 14401 14402 14403 14404 14405 14405 14406 14403 14407 14408 14409 14409 14410 14407 14411 14412 14413 14388 14386 14414 14413 14415 14411 14416 14417 14418 14417 14416 14419 14418 14420 14416 14421 14422 14423 14423 14424 14421 14425 14426 14427 14427 14428 14425 14425 14428 14429 14429 14430 14425 14394 14425 14430 14430 14395 14394 14431 14392 14390 14432 14426 14425 14433 14434 14435 14436 14422 14421 14437 14438 14439 14438 14437 14440 14441 14408 14407 14429 14428 14442 14442 14428 14427 14442 14443 14429 14427 14444 14442 14445 14424 14423 14423 14446 14445 14447 14420 14418 14418 14448 14447 14449 14415 14413 14413 14450 14449 14451 14410 14409 14409 14452 14451 14453 14406 14405 14405 14454 14453 14455 14456 14457 14458 14459 14460 14451 14452 14461 14462 14463 14464 14464 14465 14462 14463 14462 14466 14466 14467 14463 14468 14469 14470 14471 14470 14469 14467 14466 14472 14472 14473 14467 14467 14473 14474 14473 14472 14475 14475 14476 14473 14476 14475 14477 14477 14478 14476 14478 14477 14479 14479 14480 14478 14481 14482 14483 14483 14484 14481 14474 14473 14476 14485 14447 14448 14482 14481 14443 14443 14442 14482 14478 14480 14486 14442 14444 14487 14445 14446 14488 14489 14490 14491 14492 14493 14494 14495 14492 14494 14494 14496 14495 14497 14495 14496 14496 14498 14497 14499 14497 14498 14498 14500 14499 14501 14499 14500 14502 14503 14504 14504 14503 14505 14506 14500 14498 14498 14507 14506 14498 14496 14508 14508 14507 14498 14509 14506 14507 14507 14510 14509 14511 14510 14507 14507 14508 14511 14414 14386 14384 14512 14513 14514 14514 14515 14512 14401 14400 14516 14516 14517 14401 14405 14404 14518 14518 14519 14405 14405 14519 14520 14520 14454 14405 14456 14521 14522 14522 14457 14456 14523 14524 14525 14525 14526 14523 14513 14512 14527 14527 14528 14513 14529 14530 14531 14513 14528 14532 14531 14530 14533 14531 14534 14529 14535 14525 14524 14524 14536 14535 14529 14534 14537 14537 14538 14529 14539 14538 14537 14540 14536 14524 14541 14542 14543 14537 14544 14545 14544 14537 14534 14546 14547 14548 14548 14549 14546 14534 14531 14550 14550 14531 14551 14546 14549 14552 14550 14553 14534 14534 14553 14544 14542 14541 14554 14554 14555 14542 